time;x;y;z
1638019949.52823;+0.001;-0.002;-0.002
1638019949.748216;+0.003;-0.002;-0.003
1638019949.968687;+0.003;-0.001;-0.002
1638019950.18884;+0.002;-0.003;-0.002
1638019950.408823;+0.003;-0.001;-0.002
1638019950.628734;+0.002;-0.002;-0.002
1638019950.848679;+0.003;-0.002;-0.002
1638019951.068682;+0.003;-0.003;-0.002
1638019951.288739;+0.004;-0.003;-0.002
1638019951.508383;+0.002;-0.002;-0.002
1638019951.728722;+0.004;-0.002;-0.002
1638019951.948646;+0.003;-0.002;-0.003
1638019952.168674;+0.003;-0.001;-0.002
1638019952.388741;+0.003;-0.003;-0.002
1638019952.608654;+0.002;-0.003;-0.002
1638019952.828678;+0.004;-0.003;-0.002
1638019953.048728;+0.002;-0.002;-0.002
1638019953.268984;+0.002;-0.002;-0.002
1638019953.487689;+0.003;-0.003;-0.002
1638019953.707732;+0.002;-0.001;-0.001
1638019953.92778;+0.002;-0.002;-0.001
1638019954.147597;+0.003;-0.001;-0.002
1638019954.367729;+0.002;-0.002;-0.003
1638019954.587743;+0.003;-0.002;-0.002
1638019954.807233;+0.003;-0.001;-0.002
1638019955.027591;+0.002;-0.003;-0.002
1638019955.247642;+0.002;-0.002;-0.001
1638019955.467571;+0.003;-0.002;-0.002
1638019955.687682;+0.003;-0.002;-0.002
1638019955.907529;+0.002;-0.002;-0.002
1638019956.127698;+0.002;-0.002;-0.002
1638019956.347784;+0.003;-0.003;-0.002
1638019956.567467;+0.002;-0.003;-0.002
1638019956.787683;+0.002;-0.003;-0.002
1638019957.007547;+0.002;-0.002;-0.002
1638019957.227698;+0.003;-0.002;-0.002
1638019957.447661;+0.002;-0.003;-0.002
1638019957.667901;+0.003;-0.001;-0.002
1638019957.887558;+0.003;-0.002;-0.001
1638019958.107539;+0.002;-0.002;-0.002
1638019958.327798;+0.003;-0.003;-0.002
1638019958.547647;+0.003;-0.003;-0.002
1638019958.76754;+0.004;-0.003;-0.002
1638019958.987509;+0.003;-0.002;-0.003
1638019959.207593;+0.003;-0.003;-0.002
1638019959.427699;+0.003;-0.003;-0.002
1638019959.64727;+0.004;-0.003;-0.003
1638019959.867749;+0.003;-0.002;-0.002
1638019960.087651;+0.002;-0.003;-0.002
1638019960.307598;+0.002;-0.002;-0.002
1638019960.527532;+0.002;-0.003;-0.002
1638019960.747586;+0.003;-0.002;-0.002
1638019960.967537;+0.003;-0.003;-0.002
1638019961.186583;+0.003;-0.002;-0.003
1638019961.406826;+0.002;-0.003;-0.002
1638019961.626539;+0.004;-0.003;-0.002
1638019961.846822;+0.003;-0.003;-0.002
1638019962.066543;+0.003;-0.002;-0.002
1638019962.286504;+0.003;-0.003;-0.002
1638019962.506648;+0.002;-0.003;-0.002
1638019962.726489;+0.002;-0.001;-0.002
1638019962.946694;+0.004;-0.002;-0.003
1638019963.166551;+0.002;-0.003;-0.002
1638019963.386598;+0.002;-0.003;-0.003
1638019963.606598;+0.003;-0.002;-0.002
1638019963.826582;+0.004;-0.003;-0.002
1638019964.0466;+0.003;-0.002;-0.002
1638019964.266551;+0.002;-0.003;-0.002
1638019964.486353;+0.002;-0.002;-0.003
1638019964.706401;+0.003;-0.001;-0.002
1638019964.926702;+0.003;-0.002;-0.002
1638019965.146709;+0.004;-0.003;-0.002
1638019965.366571;+0.003;-0.003;-0.002
1638019965.586685;+0.003;-0.003;-0.002
1638019965.79655;+0.003;-0.002;-0.004
1638019966.016678;+0.003;-0.003;-0.002
1638019966.236721;+0.002;-0.003;-0.002
1638019966.456737;+0.002;-0.002;-0.002
1638019966.676634;+0.003;-0.002;-0.002
1638019966.896574;+0.003;-0.003;-0.002
1638019967.116568;+0.003;-0.002;-0.002
1638019967.336552;+0.003;-0.001;-0.002
1638019967.556226;+0.002;-0.002;-0.002
1638019967.776164;+0.003;-0.002;-0.002
1638019967.996685;+0.003;-0.002;-0.002
1638019968.216596;+0.003;-0.002;-0.002
1638019968.435633;+0.003;-0.003;-0.002
1638019968.655551;+0.004;-0.003;-0.001
1638019968.87565;+0.004;-0.002;-0.002
1638019969.095553;+0.003;-0.003;-0.002
1638019969.315671;+0.003;-0.002;-0.002
1638019969.535255;+0.002;-0.003;-0.001
1638019969.755246;+0.004;-0.002;-0.002
1638019969.975571;+0.003;-0.003;-0.002
1638019970.19557;+0.003;-0.002;-0.002
1638019970.415587;+0.002;-0.003;-0.002
1638019970.635505;+0.002;-0.002;-0.002
1638019970.855594;+0.002;-0.001;-0.002
1638019971.075573;+0.002;-0.002;-0.002
1638019971.295544;+0.002;-0.003;-0.003
1638019971.515266;+0.002;-0.002;-0.002
1638019971.73545;+0.004;-0.003;-0.003
1638019971.955667;+0.002;-0.002;-0.002
1638019972.175522;+0.002;-0.002;-0.003
1638019972.395594;+0.003;-0.003;-0.002
1638019972.615596;+0.003;-0.002;-0.002
1638019972.835518;+0.003;-0.002;-0.002
1638019973.055524;+0.004;-0.003;-0.002
1638019973.275565;+0.003;-0.003;-0.002
1638019973.495645;+0.002;-0.002;-0.002
1638019973.715541;+0.003;-0.003;-0.002
1638019973.935529;+0.003;-0.002;-0.002
1638019974.155508;+0.003;-0.002;-0.002
1638019974.375558;+0.003;-0.002;-0.002
1638019974.595251;+0.002;-0.001;-0.002
1638019974.815521;+0.003;-0.001;-0.001
1638019975.025651;+0.002;-0.002;-0.002
1638019975.245733;+0.003;-0.002;-0.002
1638019975.465575;+0.003;-0.003;-0.002
1638019975.685575;+0.003;-0.003;-0.002
1638019975.904459;+0.003;-0.002;-0.002
1638019976.124523;+0.003;-0.002;-0.002
1638019976.344576;+0.003;-0.003;-0.003
1638019976.564596;+0.003;-0.002;-0.001
1638019976.784637;+0.002;-0.002;-0.002
1638019977.004488;+0.003;-0.002;-0.002
1638019977.224593;+0.002;-0.003;-0.002
1638019977.444542;+0.003;-0.002;-0.002
1638019977.663862;+0.003;-0.003;-0.003
1638019977.874201;+0.004;-0.001;-0.002
1638019978.09445;+0.004;-0.003;-0.002
1638019978.314677;+0.002;-0.002;-0.001
1638019978.534539;+0.002;-0.001;-0.003
1638019978.754766;+0.003;-0.002;-0.002
1638019978.974566;+0.002;-0.003;-0.002
1638019979.194542;+0.003;-0.001;-0.002
1638019979.414589;+0.003;-0.002;-0.003
1638019979.634194;+0.003;-0.003;-0.002
1638019979.854523;+0.003;-0.002;-0.003
1638019980.074642;+0.002;-0.002;-0.003
1638019980.294566;+0.003;-0.002;-0.002
1638019980.514749;+0.002;-0.002;-0.003
1638019980.734527;+0.003;-0.003;-0.003
1638019980.954525;+0.003;-0.001;-0.001
1638019981.174111;+0.003;-0.002;-0.002
1638019981.394185;+0.002;-0.003;-0.002
1638019981.614557;+0.003;-0.003;-0.003
1638019981.834574;+0.003;-0.002;-0.002
1638019982.054494;+0.003;-0.002;-0.002
1638019982.274493;+0.003;-0.003;-0.002
1638019982.494513;+0.002;-0.002;-0.003
1638019982.714532;+0.002;-0.003;-0.002
1638019982.934513;+0.003;-0.002;-0.002
1638019983.154659;+0.003;-0.002;-0.002
1638019983.373546;+0.003;-0.002;-0.003
1638019983.593525;+0.003;-0.003;-0.002
1638019983.813651;+0.004;-0.003;-0.002
1638019984.033438;+0.003;-0.002;-0.002
1638019984.253559;+0.002;-0.003;-0.003
1638019984.473533;+0.002;-0.003;-0.002
1638019984.693099;+0.002;-0.002;-0.002
1638019984.91345;+0.003;-0.003;-0.003
1638019985.133514;+0.003;-0.002;-0.002
1638019985.353576;+0.002;-0.003;-0.002
1638019985.57356;+0.003;-0.001;-0.002
1638019985.793633;+0.002;-0.002;-0.002
1638019986.013546;+0.002;-0.002;-0.002
1638019986.233549;+0.002;-0.002;-0.003
1638019986.453467;+0.002;-0.002;-0.002
1638019986.673584;+0.002;-0.003;-0.002
1638019986.893744;+0.002;-0.002;-0.003
1638019987.113592;+0.002;-0.002;-0.003
1638019987.33317;+0.002;-0.002;-0.002
1638019987.553145;+0.002;-0.002;-0.002
1638019987.773501;+0.004;-0.002;-0.001
1638019987.993593;+0.003;-0.003;-0.002
1638019988.213441;+0.003;-0.002;-0.002
1638019988.433137;+0.003;-0.002;-0.002
1638019988.653563;+0.003;-0.002;-0.002
1638019988.873498;+0.003;-0.001;-0.002
1638019989.093627;+0.003;-0.002;-0.002
1638019989.313487;+0.003;-0.003;-0.002
1638019989.533467;+0.002;-0.003;-0.001
1638019989.753126;+0.002;-0.002;-0.002
1638019989.973007;+0.002;-0.003;-0.003
1638019990.193592;+0.004;-0.002;-0.001
1638019990.413507;+0.003;-0.002;-0.002
1638019990.632571;+0.002;-0.002;-0.002
1638019990.852445;+0.002;-0.003;-0.001
1638019991.072456;+0.002;-0.002;-0.002
1638019991.292579;+0.003;-0.002;-0.002
1638019991.513473;+0.003;-0.003;-0.002
1638019991.732686;+0.002;-0.003;-0.002
1638019991.952431;+0.003;-0.002;-0.004
1638019992.172491;+0.003;-0.002;-0.003
1638019992.392545;+0.004;-0.002;-0.002
1638019992.612398;+0.004;-0.002;-0.003
1638019992.832191;+0.003;-0.002;-0.001
1638019993.052111;+0.003;-0.002;-0.002
1638019993.272562;+0.002;-0.003;-0.002
1638019993.492472;+0.003;-0.002;-0.002
1638019993.712522;+0.003;-0.003;-0.003
1638019993.932557;+0.002;-0.003;-0.002
1638019994.152501;+0.002;-0.002;-0.002
1638019994.37249;+0.003;-0.003;-0.003
1638019994.592473;+0.003;-0.002;-0.002
1638019994.81256;+0.004;-0.003;-0.003
1638019995.03243;+0.002;-0.001;-0.001
1638019995.252522;+0.002;-0.003;-0.002
1638019995.472532;+0.002;-0.002;-0.002
1638019995.692525;+0.002;-0.003;-0.002
1638019995.912406;+0.003;-0.002;-0.002
1638019996.132389;+0.003;-0.003;-0.002
1638019996.352216;+0.004;-0.002;-0.003
1638019996.572164;+0.002;-0.003;-0.002
1638019996.792626;+0.004;-0.003;-0.002
1638019997.012386;+0.002;-0.003;-0.002
1638019997.232509;+0.003;-0.002;-0.002
1638019997.45253;+0.002;-0.003;-0.002
1638019997.672397;+0.002;-0.002;-0.003
1638019997.892452;+0.003;-0.002;-0.003
1638019998.112528;+0.003;-0.002;-0.003
1638019998.331366;+0.003;-0.003;-0.002
1638019998.551419;+0.003;-0.003;-0.003
1638019998.771497;+0.003;-0.003;-0.001
1638019998.991072;+0.003;-0.002;-0.002
1638019999.211504;+0.004;-0.001;-0.002
1638019999.431591;+0.003;-0.002;-0.003
1638019999.651489;+0.003;-0.002;-0.002
1638019999.871444;+0.002;-0.003;-0.003
1638020000.091461;+0.003;-0.003;-0.003
1638020000.311462;+0.003;-0.003;-0.002
1638020000.531472;+0.004;-0.002;-0.003
1638020000.75153;+0.002;-0.003;-0.003
1638020000.971414;+0.003;-0.002;-0.003
1638020001.191436;+0.003;-0.002;-0.002
1638020001.41135;+0.003;-0.003;-0.002
1638020001.631356;+0.003;-0.003;-0.002
1638020001.851492;+0.003;-0.001;-0.002
1638020002.071345;+0.002;-0.002;-0.002
1638020002.291394;+0.003;-0.002;-0.001
1638020002.511349;+0.002;-0.003;-0.002
1638020002.7316;+0.003;-0.002;-0.002
1638020002.951448;+0.003;-0.003;-0.002
1638020003.171348;+0.002;-0.002;-0.002
1638020003.391412;+0.003;-0.003;-0.002
1638020003.611468;+0.003;-0.002;-0.002
1638020003.831486;+0.003;-0.002;-0.003
1638020004.05142;+0.003;-0.002;-0.002
1638020004.271379;+0.003;-0.003;-0.002
1638020004.481429;+0.003;-0.003;-0.003
1638020004.701457;+0.002;-0.003;-0.003
1638020004.921531;+0.002;-0.002;-0.002
1638020005.141451;+0.003;-0.003;-0.002
1638020005.361423;+0.002;-0.002;-0.003
1638020005.580023;+0.004;-0.002;-0.002
1638020005.800469;+0.003;-0.002;-0.002
1638020006.020133;+0.004;-0.002;-0.001
1638020006.240495;+0.002;-0.002;-0.002
1638020006.460419;+0.002;-0.003;-0.003
1638020006.680479;+0.002;-0.002;-0.002
1638020006.900583;+0.003;-0.003;-0.003
1638020007.120455;+0.003;-0.003;-0.002
1638020007.34038;+0.002;-0.002;-0.002
1638020007.560429;+0.003;-0.002;-0.003
1638020007.780489;+0.002;-0.001;-0.002
1638020008.000421;+0.002;-0.002;-0.002
1638020008.220399;+0.002;-0.002;-0.002
1638020008.440349;+0.002;-0.003;-0.002
1638020008.660407;+0.003;-0.003;-0.003
1638020008.880518;+0.002;-0.002;-0.002
1638020009.10002;+0.003;-0.003;-0.002
1638020009.320389;+0.003;-0.002;-0.003
1638020009.539974;+0.002;-0.002;-0.003
1638020009.760371;+0.003;-0.002;-0.002
1638020009.980637;+0.002;-0.003;-0.002
1638020010.200332;+0.002;-0.003;-0.002
1638020010.420313;+0.002;-0.002;-0.002
1638020010.640412;+0.003;-0.003;-0.003
1638020010.860515;+0.002;-0.002;-0.003
1638020011.080061;+0.002;-0.003;-0.002
1638020011.30049;+0.003;-0.003;-0.001
1638020011.520368;+0.002;-0.002;-0.002
1638020011.740352;+0.003;-0.003;-0.002
1638020011.960498;+0.003;-0.002;-0.002
1638020012.180466;+0.002;-0.002;-0.003
1638020012.400381;+0.004;-0.003;-0.002
1638020012.620346;+0.003;-0.002;-0.002
1638020012.840425;+0.004;-0.002;-0.002
1638020013.059514;+0.002;-0.001;-0.002
1638020013.279468;+0.002;-0.002;-0.003
1638020013.500353;+0.002;-0.002;-0.002
1638020013.719364;+0.004;-0.003;-0.003
1638020013.939526;+0.003;-0.002;-0.002
1638020014.159106;+0.003;-0.002;-0.002
1638020014.379405;+0.002;-0.003;-0.003
1638020014.59939;+0.004;-0.003;-0.002
1638020014.819334;+0.001;-0.002;-0.002
1638020015.03938;+0.002;-0.002;-0.002
1638020015.259426;+0.002;-0.002;-0.002
1638020015.479334;+0.003;-0.002;-0.002
1638020015.699365;+0.003;-0.002;-0.002
1638020015.919453;+0.002;-0.002;-0.002
1638020016.139097;+0.002;-0.003;-0.002
1638020016.359445;+0.003;-0.003;-0.003
1638020016.579324;+0.002;-0.002;-0.002
1638020016.799417;+0.003;-0.002;-0.002
1638020017.019503;+0.003;-0.002;-0.002
1638020017.23939;+0.003;-0.003;-0.002
1638020017.459439;+0.003;-0.003;-0.002
1638020017.679379;+0.003;-0.002;-0.002
1638020017.899352;+0.002;-0.002;-0.002
1638020018.119362;+0.003;-0.003;-0.002
1638020018.339043;+0.003;-0.002;-0.002
1638020018.559411;+0.003;-0.002;-0.002
1638020018.769276;+0.003;-0.002;-0.002
1638020018.989456;+0.002;-0.003;-0.003
1638020019.239591;+0.004;-0.002;-0.002
1638020019.459384;+0.003;-0.003;-0.003
1638020019.679408;+0.003;-0.002;-0.003
1638020019.899419;+0.003;-0.003;-0.003
1638020020.119337;+0.002;-0.002;-0.002
1638020020.339024;+0.003;-0.002;-0.001
1638020020.558294;+0.003;-0.003;-0.002
1638020020.77839;+0.002;-0.002;-0.003
1638020020.99838;+0.003;-0.002;-0.002
1638020021.21838;+0.003;-0.001;-0.002
1638020021.438366;+0.003;-0.002;-0.002
1638020021.658348;+0.002;-0.002;-0.002
1638020021.87834;+0.003;-0.002;-0.003
1638020022.098386;+0.003;-0.002;-0.002
1638020022.31807;+0.002;-0.002;-0.002
1638020022.538432;+0.003;-0.002;-0.002
1638020022.75831;+0.004;-0.002;-0.002
1638020022.978253;+0.003;-0.001;-0.003
1638020023.198026;+0.003;-0.001;-0.002
1638020023.418424;+0.003;-0.002;-0.003
1638020023.638325;+0.002;-0.003;-0.002
1638020023.858342;+0.003;-0.003;-0.002
1638020024.078361;+0.002;-0.003;-0.002
1638020024.298372;+0.003;-0.003;-0.002
1638020024.518364;+0.003;-0.002;-0.002
1638020024.738367;+0.003;-0.003;-0.002
1638020024.958344;+0.003;-0.003;-0.002
1638020025.178339;+0.002;-0.002;-0.002
1638020025.398025;+0.003;-0.002;-0.001
1638020025.618337;+0.003;-0.002;-0.002
1638020025.8384;+0.001;-0.001;-0.001
1638020026.058467;+0.003;-0.002;-0.002
1638020026.278397;+0.002;-0.002;-0.002
1638020026.498411;+0.003;-0.002;-0.001
1638020026.718354;+0.003;-0.003;-0.002
1638020026.93837;+0.002;-0.003;-0.002
1638020027.158327;+0.003;-0.002;-0.002
1638020027.37832;+0.004;-0.002;-0.002
1638020027.598313;+0.002;-0.002;-0.003
1638020027.818295;+0.002;-0.003;-0.002
1638020028.037261;+0.003;-0.002;-0.001
1638020028.257321;+0.003;-0.002;-0.002
1638020028.477353;+0.003;-0.003;-0.002
1638020028.69731;+0.003;-0.002;-0.002
1638020028.917379;+0.003;-0.002;-0.002
1638020029.137349;+0.002;-0.001;-0.003
1638020029.357296;+0.003;-0.003;-0.002
1638020029.577046;+0.002;-0.003;-0.002
1638020029.797283;+0.003;-0.002;-0.002
1638020030.01732;+0.003;-0.003;-0.002
1638020030.237326;+0.002;-0.001;-0.002
1638020030.457346;+0.002;-0.002;-0.002
1638020030.677292;+0.001;-0.003;-0.001
1638020030.897262;+0.003;-0.002;-0.002
1638020031.1174;+0.004;-0.003;-0.002
1638020031.336921;+0.003;-0.002;-0.002
1638020031.557345;+0.002;-0.003;-0.003
1638020031.776873;+0.002;-0.002;-0.003
1638020031.997313;+0.002;-0.002;-0.001
1638020032.217022;+0.003;-0.002;-0.002
1638020032.436896;+0.003;-0.003;-0.002
1638020032.657328;+0.003;-0.002;-0.003
1638020032.877239;+0.003;-0.003;-0.002
1638020033.097438;+0.004;-0.002;-0.003
1638020033.316992;+0.004;-0.002;-0.003
1638020033.537483;+0.003;-0.003;-0.002
1638020033.757528;+0.002;-0.002;-0.002
1638020033.976863;+0.004;-0.002;-0.001
1638020034.19737;+0.003;-0.002;-0.002
1638020034.417288;+0.004;-0.003;-0.003
1638020034.637233;+0.003;-0.002;-0.002
1638020034.857296;+0.003;-0.003;-0.003
1638020035.077283;+0.003;-0.003;-0.002
1638020035.296355;+0.002;-0.001;-0.002
1638020035.516259;+0.002;-0.002;-0.002
1638020035.736334;+0.004;-0.002;-0.002
1638020035.95631;+0.002;-0.003;-0.002
1638020036.176294;+0.003;-0.002;-0.003
1638020036.395988;+0.003;-0.002;-0.003
1638020036.616308;+0.003;-0.003;-0.002
1638020036.836396;+0.003;-0.002;-0.002
1638020037.056213;+0.003;-0.003;-0.002
1638020037.276315;+0.002;-0.002;-0.002
1638020037.49636;+0.002;-0.002;-0.002
1638020037.716217;+0.002;-0.003;-0.002
1638020037.936313;+0.004;-0.001;-0.002
1638020038.156368;+0.002;-0.002;-0.003
1638020038.375932;+0.003;-0.002;-0.002
1638020038.59623;+0.003;-0.002;-0.002
1638020038.816262;+0.003;-0.003;-0.002
1638020039.03637;+0.003;-0.002;-0.002
1638020039.255911;+0.003;-0.002;-0.002
1638020039.4763;+0.003;-0.002;-0.002
1638020039.696254;+0.003;-0.003;-0.002
1638020039.916432;+0.002;-0.002;-0.002
1638020040.136403;+0.003;-0.003;-0.003
1638020040.356253;+0.003;-0.002;-0.002
1638020040.576386;+0.002;-0.002;-0.003
1638020040.796245;+0.003;-0.002;-0.002
1638020041.016241;+0.003;-0.002;-0.002
1638020041.235599;+0.004;-0.003;-0.001
1638020041.456273;+0.002;-0.002;-0.002
1638020041.676364;+0.002;-0.002;-0.002
1638020041.896228;+0.003;-0.003;-0.002
1638020042.116389;+0.003;-0.003;-0.002
1638020042.336306;+0.002;-0.003;-0.002
1638020042.55624;+0.003;-0.003;-0.002
1638020042.776344;+0.002;-0.003;-0.002
1638020042.99536;+0.004;-0.002;-0.003
1638020043.215359;+0.002;-0.002;-0.002
1638020043.434823;+0.004;-0.003;-0.002
1638020043.655201;+0.003;-0.002;-0.002
1638020043.875248;+0.002;-0.003;-0.002
1638020044.095306;+0.003;-0.002;-0.002
1638020044.314977;+0.003;-0.002;-0.002
1638020044.534849;+0.003;-0.003;-0.002
1638020044.755226;+0.002;-0.003;-0.003
1638020044.975283;+0.002;-0.002;-0.002
1638020045.195333;+0.003;-0.002;-0.002
1638020045.415346;+0.002;-0.002;-0.003
1638020045.635267;+0.004;-0.003;-0.002
1638020045.855238;+0.003;-0.001;-0.002
1638020046.07532;+0.002;-0.001;-0.002
1638020046.294906;+0.002;-0.002;-0.002
1638020046.515233;+0.003;-0.001;-0.001
1638020046.735156;+0.003;-0.002;-0.002
1638020046.955235;+0.002;-0.002;-0.003
1638020047.175324;+0.002;-0.003;-0.002
1638020047.395294;+0.004;-0.003;-0.003
1638020047.615181;+0.003;-0.003;-0.003
1638020047.835215;+0.003;-0.002;-0.001
1638020048.055281;+0.003;-0.002;-0.002
1638020048.275304;+0.003;-0.003;-0.003
1638020048.495262;+0.003;-0.002;-0.002
1638020048.715259;+0.002;-0.002;-0.002
1638020048.935222;+0.003;-0.002;-0.002
1638020049.155389;+0.004;-0.003;-0.002
1638020049.374925;+0.004;-0.004;-0.002
1638020049.595329;+0.004;-0.003;-0.001
1638020049.815182;+0.002;-0.002;-0.003
1638020050.035179;+0.004;-0.002;-0.002
1638020050.254347;+0.003;-0.002;-0.002
1638020050.474255;+0.003;-0.002;-0.003
1638020050.694281;+0.003;-0.002;-0.001
1638020050.91422;+0.003;-0.002;-0.002
1638020051.134215;+0.003;-0.002;-0.001
1638020051.355072;+0.003;-0.003;-0.002
1638020051.573898;+0.003;-0.003;-0.002
1638020051.794268;+0.002;-0.002;-0.002
1638020052.014122;+0.001;-0.002;-0.002
1638020052.234369;+0.003;-0.002;-0.002
1638020052.453933;+0.002;-0.002;-0.002
1638020052.674202;+0.003;-0.002;-0.002
1638020052.894251;+0.004;-0.003;-0.003
1638020053.11424;+0.003;-0.002;-0.002
1638020053.334408;+0.003;-0.002;-0.003
1638020053.554424;+0.003;-0.002;-0.002
1638020053.774273;+0.002;-0.003;-0.002
1638020053.994261;+0.003;-0.003;-0.003
1638020054.214307;+0.002;-0.002;-0.003
1638020054.434276;+0.002;-0.003;-0.002
1638020054.654322;+0.002;-0.002;-0.002
1638020054.87429;+0.002;-0.002;-0.002
1638020055.094201;+0.003;-0.003;-0.002
1638020055.314292;+0.002;-0.004;-0.001
1638020055.534432;+0.003;-0.002;-0.002
1638020055.754249;+0.003;-0.002;-0.003
1638020055.974196;+0.003;-0.002;-0.003
1638020056.194151;+0.003;-0.003;-0.002
1638020056.413868;+0.003;-0.003;-0.002
1638020056.634222;+0.003;-0.002;-0.003
1638020056.854297;+0.004;-0.003;-0.002
1638020057.074266;+0.002;-0.002;-0.003
1638020057.29428;+0.003;-0.002;-0.002
1638020057.513893;+0.002;-0.003;-0.002
1638020057.733288;+0.002;-0.003;-0.003
1638020057.953149;+0.002;-0.001;-0.002
1638020058.173217;+0.002;-0.003;-0.003
1638020058.393926;+0.003;-0.002;-0.002
1638020058.612726;+0.003;-0.003;-0.003
1638020058.833137;+0.002;-0.003;-0.002
1638020059.053094;+0.003;-0.002;-0.003
1638020059.273224;+0.004;-0.003;-0.002
1638020059.493211;+0.002;-0.003;-0.003
1638020059.712953;+0.003;-0.003;-0.003
1638020059.933188;+0.002;-0.002;-0.002
1638020060.153117;+0.003;-0.003;-0.001
1638020060.373171;+0.002;-0.002;-0.002
1638020060.593147;+0.003;-0.002;-0.002
1638020060.813182;+0.003;-0.002;-0.002
1638020061.033134;+0.003;-0.002;-0.002
1638020061.253088;+0.002;-0.002;-0.001
1638020061.473389;+0.003;-0.002;-0.003
1638020061.692811;+0.003;-0.002;-0.002
1638020061.913311;+0.003;-0.002;-0.002
1638020062.133099;+0.003;-0.002;-0.002
1638020062.353312;+0.002;-0.002;-0.002
1638020062.57323;+0.002;-0.002;-0.002
1638020062.793269;+0.002;-0.002;-0.002
1638020063.013247;+0.003;-0.002;-0.003
1638020063.233184;+0.003;-0.002;-0.002
1638020063.453329;+0.003;-0.003;-0.002
1638020063.673192;+0.002;-0.003;-0.002
1638020063.893193;+0.003;-0.003;-0.002
1638020064.112861;+0.004;-0.001;-0.002
1638020064.332828;+0.003;-0.001;-0.002
1638020064.553227;+0.003;-0.003;-0.002
1638020064.773197;+0.003;-0.003;-0.002
1638020064.993203;+0.003;-0.002;-0.001
1638020065.212128;+0.004;-0.003;-0.002
1638020065.433231;+0.003;-0.003;-0.003
1638020065.652233;+0.002;-0.003;-0.002
1638020065.872313;+0.002;-0.002;-0.002
1638020066.092068;+0.003;-0.002;-0.002
1638020066.312179;+0.002;-0.002;-0.003
1638020066.531771;+0.004;-0.002;-0.002
1638020066.751708;+0.002;-0.002;-0.003
1638020066.961874;+0.003;-0.002;-0.002
1638020067.18175;+0.003;-0.002;-0.003
1638020067.402234;+0.003;-0.002;-0.002
1638020067.621803;+0.002;-0.003;-0.002
1638020067.842284;+0.002;-0.002;-0.002
1638020068.062144;+0.003;-0.002;-0.002
1638020068.282145;+0.003;-0.002;-0.002
1638020068.502173;+0.002;-0.003;-0.003
1638020068.721827;+0.002;-0.002;-0.002
1638020068.942241;+0.003;-0.003;-0.002
1638020069.162173;+0.003;-0.002;-0.002
1638020069.381903;+0.003;-0.002;-0.003
1638020069.601799;+0.003;-0.003;-0.002
1638020069.822188;+0.002;-0.002;-0.002
1638020070.042248;+0.002;-0.003;-0.002
1638020070.262104;+0.003;-0.002;-0.002
1638020070.482282;+0.002;-0.003;-0.001
1638020070.701778;+0.003;-0.003;-0.003
1638020070.922108;+0.003;-0.003;-0.002
1638020071.142105;+0.004;-0.001;-0.002
1638020071.36209;+0.002;-0.002;-0.002
1638020071.582227;+0.003;-0.002;-0.002
1638020071.802105;+0.002;-0.003;-0.002
1638020072.022233;+0.003;-0.003;-0.002
1638020072.242125;+0.003;-0.002;-0.002
1638020072.462211;+0.003;-0.002;-0.002
1638020072.680744;+0.003;-0.003;-0.001
1638020072.901081;+0.003;-0.002;-0.003
1638020073.121156;+0.003;-0.003;-0.002
1638020073.341118;+0.004;-0.002;-0.002
1638020073.561298;+0.003;-0.003;-0.001
1638020073.781129;+0.003;-0.002;-0.002
1638020074.001138;+0.002;-0.002;-0.003
1638020074.221216;+0.002;-0.002;-0.003
1638020074.441202;+0.003;-0.001;-0.003
1638020074.661133;+0.002;-0.002;-0.002
1638020074.881121;+0.002;-0.002;-0.002
1638020075.101067;+0.002;-0.003;-0.002
1638020075.321132;+0.003;-0.003;-0.002
1638020075.541202;+0.003;-0.002;-0.002
1638020075.761158;+0.002;-0.003;-0.002
1638020075.981168;+0.002;-0.002;-0.003
1638020076.201216;+0.003;-0.002;-0.002
1638020076.421135;+0.002;-0.003;-0.001
1638020076.640818;+0.003;-0.003;-0.003
1638020076.861167;+0.002;-0.002;-0.003
1638020077.081034;+0.003;-0.002;-0.002
1638020077.301154;+0.002;-0.002;-0.002
1638020077.52093;+0.003;-0.003;-0.002
1638020077.740727;+0.002;-0.002;-0.002
1638020077.961106;+0.003;-0.003;-0.002
1638020078.181106;+0.002;-0.002;-0.002
1638020078.401385;+0.002;-0.003;-0.002
1638020078.621129;+0.003;-0.003;-0.003
1638020078.831145;+0.003;-0.002;-0.003
1638020079.051068;+0.003;-0.002;-0.003
1638020079.27116;+0.003;-0.003;-0.002
1638020079.491179;+0.003;-0.002;-0.003
1638020079.711126;+0.002;-0.003;-0.002
1638020079.931161;+0.004;-0.002;-0.002
1638020080.150091;+0.003;-0.003;-0.001
1638020080.370122;+0.003;-0.002;-0.002
1638020080.590166;+0.003;-0.002;-0.002
1638020080.810038;+0.002;-0.003;-0.002
1638020081.030209;+0.004;-0.002;-0.002
1638020081.250045;+0.002;-0.002;-0.002
1638020081.471059;+0.003;-0.001;-0.003
1638020081.689726;+0.004;-0.001;-0.002
1638020081.910039;+0.004;-0.002;-0.001
1638020082.130153;+0.003;-0.003;-0.003
1638020082.350122;+0.002;-0.003;-0.003
1638020082.569817;+0.003;-0.003;-0.002
1638020082.790148;+0.003;-0.002;-0.002
1638020083.010152;+0.002;-0.002;-0.003
1638020083.22981;+0.002;-0.002;-0.002
1638020083.450192;+0.003;-0.003;-0.002
1638020083.670091;+0.002;-0.001;-0.002
1638020083.889982;+0.003;-0.002;-0.003
1638020084.109987;+0.003;-0.003;-0.003
1638020084.330145;+0.003;-0.003;-0.002
1638020084.55002;+0.003;-0.002;-0.002
1638020084.770044;+0.004;-0.002;-0.003
1638020084.990042;+0.002;-0.002;-0.001
1638020085.209993;+0.003;-0.002;-0.002
1638020085.430036;+0.003;-0.002;-0.003
1638020085.650133;+0.003;-0.003;-0.003
1638020085.870092;+0.002;-0.003;-0.003
1638020086.090076;+0.003;-0.003;-0.002
1638020086.310071;+0.003;-0.002;-0.001
1638020086.530123;+0.003;-0.002;-0.003
1638020086.749723;+0.003;-0.002;-0.002
1638020086.969698;+0.003;-0.002;-0.002
1638020087.190112;+0.002;-0.002;-0.002
1638020087.410062;+0.002;-0.003;-0.002
1638020087.628844;+0.002;-0.003;-0.002
1638020087.849074;+0.002;-0.002;-0.002
1638020088.069082;+0.003;-0.002;-0.002
1638020088.289115;+0.002;-0.003;-0.002
1638020088.509141;+0.003;-0.002;-0.002
1638020088.729174;+0.003;-0.002;-0.002
1638020088.949063;+0.003;-0.002;-0.002
1638020089.169039;+0.004;-0.002;-0.002
1638020089.389112;+0.002;-0.003;-0.002
1638020089.609076;+0.002;-0.003;-0.002
1638020089.829076;+0.002;-0.002;-0.002
1638020090.049189;+0.003;-0.002;-0.002
1638020090.268977;+0.003;-0.002;-0.002
1638020090.488976;+0.002;-0.003;-0.002
1638020090.709199;+0.003;-0.002;-0.002
1638020090.929066;+0.003;-0.002;-0.001
1638020091.148979;+0.002;-0.002;-0.001
1638020091.368981;+0.002;-0.002;-0.002
1638020091.589045;+0.003;-0.003;-0.002
1638020091.809083;+0.003;-0.002;-0.002
1638020092.028972;+0.003;-0.003;-0.001
1638020092.24904;+0.002;-0.002;-0.002
1638020092.469035;+0.003;-0.002;-0.001
1638020092.689102;+0.004;-0.002;-0.002
1638020092.908757;+0.003;-0.003;-0.002
1638020093.129013;+0.004;-0.003;-0.002
1638020093.349058;+0.003;-0.002;-0.002
1638020093.569064;+0.003;-0.003;-0.003
1638020093.789019;+0.004;-0.002;-0.002
1638020094.009065;+0.002;-0.002;-0.002
1638020094.228991;+0.003;-0.002;-0.002
1638020094.449032;+0.003;-0.002;-0.002
1638020094.669117;+0.002;-0.003;-0.003
1638020094.889087;+0.003;-0.002;-0.002
1638020095.108057;+0.003;-0.003;-0.002
1638020095.328103;+0.003;-0.001;-0.002
1638020095.54803;+0.002;-0.002;-0.002
1638020095.76808;+0.003;-0.003;-0.002
1638020095.988219;+0.004;-0.002;-0.002
1638020096.208084;+0.003;-0.003;-0.003
1638020096.427977;+0.003;-0.002;-0.002
1638020096.648169;+0.003;-0.001;-0.002
1638020096.867728;+0.003;-0.001;-0.003
1638020097.087739;+0.003;-0.003;-0.003
1638020097.308049;+0.002;-0.002;-0.003
1638020097.528046;+0.002;-0.002;-0.002
1638020097.748019;+0.003;-0.002;-0.002
1638020097.968074;+0.002;-0.002;-0.003
1638020098.188189;+0.003;-0.002;-0.002
1638020098.408075;+0.002;-0.002;-0.002
1638020098.628033;+0.003;-0.002;-0.002
1638020098.848038;+0.003;-0.002;-0.003
1638020099.068033;+0.002;-0.003;-0.002
1638020099.287672;+0.002;-0.003;-0.002
1638020099.507596;+0.002;-0.003;-0.002
1638020099.727804;+0.003;-0.002;-0.002
1638020099.948027;+0.003;-0.003;-0.002
1638020100.168085;+0.003;-0.003;-0.002
1638020100.388076;+0.002;-0.002;-0.002
1638020100.608052;+0.003;-0.003;-0.003
1638020100.828132;+0.002;-0.002;-0.002
1638020101.048008;+0.003;-0.002;-0.002
1638020101.268086;+0.003;-0.003;-0.003
1638020101.487977;+0.003;-0.003;-0.002
1638020101.70801;+0.003;-0.002;-0.003
1638020101.928042;+0.003;-0.002;-0.001
1638020102.148024;+0.003;-0.001;-0.003
1638020102.368137;+0.003;-0.003;-0.002
1638020102.587019;+0.003;-0.002;-0.002
1638020102.807105;+0.002;-0.003;-0.002
1638020103.027114;+0.003;-0.002;-0.003
1638020103.24706;+0.003;-0.002;-0.001
1638020103.4681;+0.002;-0.002;-0.002
1638020103.687073;+0.002;-0.002;-0.002
1638020103.90665;+0.002;-0.002;-0.003
1638020104.127077;+0.002;-0.002;-0.002
1638020104.347067;+0.003;-0.003;-0.003
1638020104.56709;+0.004;-0.001;-0.002
1638020104.787105;+0.002;-0.002;-0.002
1638020105.006988;+0.002;-0.003;-0.002
1638020105.226944;+0.004;-0.002;-0.003
1638020105.447107;+0.004;-0.002;-0.001
1638020105.667058;+0.003;-0.001;-0.002
1638020105.88708;+0.003;-0.002;-0.002
1638020106.107022;+0.002;-0.003;-0.002
1638020106.326993;+0.002;-0.003;-0.002
1638020106.546951;+0.003;-0.002;-0.001
1638020106.766776;+0.003;-0.002;-0.003
1638020106.986641;+0.003;-0.002;-0.003
1638020107.207037;+0.003;-0.002;-0.003
1638020107.427152;+0.002;-0.002;-0.002
1638020107.646979;+0.003;-0.003;-0.002
1638020107.86708;+0.002;-0.002;-0.001
1638020108.086986;+0.002;-0.003;-0.002
1638020108.307043;+0.004;-0.002;-0.002
1638020108.527027;+0.002;-0.002;-0.002
1638020108.747016;+0.002;-0.002;-0.002
1638020108.966534;+0.003;-0.002;-0.002
1638020109.186578;+0.002;-0.002;-0.002
1638020109.406973;+0.003;-0.003;-0.003
1638020109.626985;+0.002;-0.003;-0.002
1638020109.846057;+0.003;-0.002;-0.002
1638020110.06563;+0.003;-0.002;-0.002
1638020110.286087;+0.002;-0.002;-0.003
1638020110.505975;+0.002;-0.002;-0.002
1638020110.725866;+0.002;-0.002;-0.002
1638020110.946038;+0.002;-0.002;-0.002
1638020111.165927;+0.002;-0.003;-0.002
1638020111.386007;+0.003;-0.002;-0.002
1638020111.605946;+0.003;-0.002;-0.002
1638020111.825816;+0.003;-0.003;-0.002
1638020112.046006;+0.002;-0.002;-0.002
1638020112.26595;+0.003;-0.002;-0.001
1638020112.48591;+0.003;-0.002;-0.002
1638020112.705911;+0.003;-0.002;-0.002
1638020112.926013;+0.002;-0.003;-0.002
1638020113.146013;+0.003;-0.002;-0.001
1638020113.365953;+0.002;-0.003;-0.003
1638020113.586024;+0.002;-0.002;-0.003
1638020113.805908;+0.003;-0.003;-0.002
1638020114.025817;+0.003;-0.003;-0.002
1638020114.245503;+0.002;-0.003;-0.002
1638020114.465933;+0.003;-0.002;-0.002
1638020114.686116;+0.002;-0.002;-0.003
1638020114.906046;+0.002;-0.003;-0.002
1638020115.125933;+0.002;-0.002;-0.002
1638020115.345984;+0.003;-0.002;-0.002
1638020115.565892;+0.003;-0.002;-0.003
1638020115.786065;+0.003;-0.002;-0.002
1638020116.005961;+0.002;-0.002;-0.002
1638020116.22596;+0.003;-0.003;-0.003
1638020116.445953;+0.002;-0.003;-0.001
1638020116.655854;+0.003;-0.003;-0.002
1638020116.876083;+0.002;-0.002;-0.002
1638020117.095963;+0.002;-0.003;-0.002
1638020117.314501;+0.003;-0.003;-0.002
1638020117.534941;+0.002;-0.003;-0.002
1638020117.754924;+0.002;-0.002;-0.002
1638020117.975018;+0.003;-0.002;-0.003
1638020118.194892;+0.002;-0.001;-0.002
1638020118.41513;+0.003;-0.002;-0.002
1638020118.634951;+0.003;-0.001;-0.002
1638020118.854863;+0.004;-0.002;-0.002
1638020119.074626;+0.003;-0.003;-0.003
1638020119.294916;+0.002;-0.002;-0.003
1638020119.514955;+0.002;-0.001;-0.002
1638020119.734862;+0.003;-0.003;-0.003
1638020119.955011;+0.003;-0.002;-0.002
1638020120.175076;+0.003;-0.002;-0.002
1638020120.384959;+0.004;-0.002;-0.001
1638020120.604958;+0.003;-0.003;-0.001
1638020120.824964;+0.004;-0.003;-0.003
1638020121.045055;+0.003;-0.003;-0.002
1638020121.265029;+0.003;-0.002;-0.002
1638020121.48494;+0.003;-0.001;-0.002
1638020121.704918;+0.002;-0.002;-0.002
1638020121.924984;+0.002;-0.002;-0.002
1638020122.144469;+0.004;-0.002;-0.003
1638020122.364957;+0.003;-0.002;-0.002
1638020122.584941;+0.003;-0.002;-0.002
1638020122.804953;+0.002;-0.002;-0.003
1638020123.025013;+0.002;-0.002;-0.002
1638020123.244588;+0.003;-0.002;-0.002
1638020123.464889;+0.003;-0.003;-0.003
1638020123.684865;+0.003;-0.002;-0.002
1638020123.904914;+0.003;-0.003;-0.003
1638020124.124533;+0.003;-0.003;-0.003
1638020124.344969;+0.003;-0.003;-0.002
1638020124.564931;+0.002;-0.003;-0.001
1638020124.784851;+0.003;-0.004;-0.002
1638020125.004072;+0.004;-0.003;-0.002
1638020125.223911;+0.003;-0.002;-0.002
1638020125.445045;+0.003;-0.002;-0.003
1638020125.663906;+0.003;-0.003;-0.002
1638020125.883793;+0.003;-0.001;-0.003
1638020126.103919;+0.003;-0.003;-0.003
1638020126.323874;+0.002;-0.001;-0.001
1638020126.543631;+0.003;-0.003;-0.003
1638020126.763827;+0.003;-0.002;-0.003
1638020126.984066;+0.002;-0.002;-0.003
1638020127.203939;+0.004;-0.002;-0.001
1638020127.423928;+0.003;-0.002;-0.002
1638020127.643876;+0.003;-0.001;-0.002
1638020127.863816;+0.003;-0.003;-0.002
1638020128.084016;+0.003;-0.001;-0.003
1638020128.303912;+0.003;-0.002;-0.001
1638020128.52394;+0.002;-0.002;-0.002
1638020128.74397;+0.003;-0.001;-0.002
1638020128.963872;+0.003;-0.003;-0.002
1638020129.183521;+0.003;-0.002;-0.002
1638020129.423548;+0.003;-0.002;-0.002
1638020129.643931;+0.003;-0.002;-0.002
1638020129.8639;+0.003;-0.003;-0.002
1638020130.083964;+0.002;-0.003;-0.001
1638020130.303956;+0.003;-0.002;-0.002
1638020130.523996;+0.003;-0.001;-0.003
1638020130.743948;+0.003;-0.002;-0.002
1638020130.963851;+0.002;-0.002;-0.002
1638020131.184164;+0.004;-0.003;-0.002
1638020131.403992;+0.003;-0.002;-0.002
1638020131.623845;+0.003;-0.001;-0.003
1638020131.843969;+0.002;-0.002;-0.002
1638020132.063986;+0.002;-0.003;-0.002
1638020132.282886;+0.003;-0.003;-0.002
1638020132.502873;+0.003;-0.002;-0.002
1638020132.722873;+0.002;-0.003;-0.002
1638020132.943765;+0.003;-0.002;-0.002
1638020133.162479;+0.003;-0.002;-0.001
1638020133.382924;+0.002;-0.002;-0.003
1638020133.602939;+0.003;-0.002;-0.003
1638020133.822874;+0.003;-0.002;-0.003
1638020134.042851;+0.001;-0.003;-0.002
1638020134.26304;+0.002;-0.002;-0.003
1638020134.482828;+0.002;-0.002;-0.001
1638020134.70294;+0.003;-0.003;-0.002
1638020134.922806;+0.002;-0.003;-0.003
1638020135.142598;+0.003;-0.002;-0.002
1638020135.362438;+0.002;-0.003;-0.002
1638020135.582772;+0.003;-0.003;-0.002
1638020135.802802;+0.003;-0.001;-0.002
1638020136.02281;+0.002;-0.003;-0.002
1638020136.242974;+0.002;-0.002;-0.002
1638020136.462813;+0.003;-0.001;-0.003
1638020136.683057;+0.003;-0.002;-0.002
1638020136.902779;+0.002;-0.002;-0.002
1638020137.122896;+0.003;-0.002;-0.002
1638020137.342767;+0.002;-0.002;-0.002
1638020137.562216;+0.003;-0.003;-0.003
1638020137.782558;+0.002;-0.002;-0.003
1638020138.002907;+0.004;-0.003;-0.002
1638020138.222926;+0.003;-0.003;-0.002
1638020138.443045;+0.004;-0.002;-0.002
1638020138.662914;+0.003;-0.002;-0.002
1638020138.882864;+0.003;-0.002;-0.002
1638020139.10305;+0.003;-0.002;-0.003
1638020139.322535;+0.002;-0.003;-0.002
1638020139.542872;+0.002;-0.003;-0.003
1638020139.761902;+0.002;-0.003;-0.003
1638020139.981786;+0.002;-0.002;-0.002
1638020140.201858;+0.004;-0.003;-0.002
1638020140.421793;+0.002;-0.003;-0.002
1638020140.641781;+0.003;-0.001;-0.003
1638020140.861935;+0.003;-0.002;-0.003
1638020141.081887;+0.003;-0.003;-0.002
1638020141.301852;+0.003;-0.002;-0.002
1638020141.521763;+0.002;-0.002;-0.003
1638020141.74179;+0.002;-0.002;-0.002
1638020141.961878;+0.003;-0.003;-0.001
1638020142.181984;+0.002;-0.003;-0.003
1638020142.401864;+0.004;-0.002;-0.003
1638020142.621812;+0.003;-0.003;-0.002
1638020142.841933;+0.003;-0.002;-0.002
1638020143.06183;+0.004;-0.003;-0.002
1638020143.282005;+0.002;-0.002;-0.002
1638020143.501844;+0.002;-0.002;-0.003
1638020143.721827;+0.003;-0.003;-0.003
1638020143.941886;+0.002;-0.002;-0.003
1638020144.161856;+0.003;-0.003;-0.003
1638020144.381834;+0.004;-0.003;-0.001
1638020144.601511;+0.003;-0.002;-0.003
1638020144.821436;+0.003;-0.003;-0.002
1638020145.041858;+0.003;-0.003;-0.002
1638020145.261941;+0.002;-0.003;-0.003
1638020145.481816;+0.002;-0.003;-0.003
1638020145.701837;+0.002;-0.001;-0.003
1638020145.921891;+0.003;-0.003;-0.002
1638020146.141914;+0.002;-0.002;-0.001
1638020146.361442;+0.003;-0.002;-0.002
1638020146.581775;+0.004;-0.002;-0.003
1638020146.801743;+0.002;-0.003;-0.002
1638020147.020981;+0.003;-0.002;-0.002
1638020147.240925;+0.002;-0.001;-0.002
1638020147.461017;+0.002;-0.002;-0.002
1638020147.680389;+0.003;-0.003;-0.002
1638020147.900733;+0.002;-0.002;-0.002
1638020148.120827;+0.003;-0.002;-0.002
1638020148.340768;+0.002;-0.003;-0.003
1638020148.560845;+0.003;-0.002;-0.002
1638020148.78076;+0.003;-0.002;-0.003
1638020149.000793;+0.003;-0.003;-0.002
1638020149.220443;+0.004;-0.003;-0.003
1638020149.440443;+0.003;-0.002;-0.003
1638020149.660859;+0.003;-0.003;-0.003
1638020149.880851;+0.002;-0.003;-0.003
1638020150.10088;+0.002;-0.003;-0.002
1638020150.320867;+0.003;-0.002;-0.003
1638020150.541052;+0.003;-0.002;-0.002
1638020150.760781;+0.002;-0.002;-0.002
1638020150.980746;+0.002;-0.003;-0.002
1638020151.200841;+0.003;-0.002;-0.002
1638020151.420772;+0.002;-0.003;-0.002
1638020151.640721;+0.002;-0.003;-0.002
1638020151.860756;+0.003;-0.003;-0.002
1638020152.080736;+0.003;-0.002;-0.003
1638020152.300781;+0.003;-0.002;-0.003
1638020152.520457;+0.004;-0.002;-0.002
1638020152.740768;+0.002;-0.003;-0.002
1638020152.960752;+0.002;-0.002;-0.002
1638020153.180829;+0.002;-0.002;-0.003
1638020153.400781;+0.003;-0.002;-0.001
1638020153.620843;+0.003;-0.003;-0.002
1638020153.840755;+0.003;-0.003;-0.002
1638020154.060434;+0.003;-0.003;-0.001
1638020154.280463;+0.004;-0.003;-0.002
1638020154.499782;+0.003;-0.003;-0.002
1638020154.719771;+0.002;-0.003;-0.003
1638020154.940813;+0.003;-0.003;-0.003
1638020155.159754;+0.004;-0.003;-0.003
1638020155.379454;+0.002;-0.002;-0.002
1638020155.59974;+0.003;-0.002;-0.003
1638020155.81977;+0.003;-0.003;-0.003
1638020156.039715;+0.003;-0.003;-0.002
1638020156.259811;+0.003;-0.003;-0.002
1638020156.479825;+0.003;-0.002;-0.002
1638020156.700023;+0.004;-0.003;-0.002
1638020156.919777;+0.002;-0.002;-0.002
1638020157.139718;+0.003;-0.002;-0.001
1638020157.359856;+0.003;-0.002;-0.003
1638020157.579791;+0.002;-0.003;-0.002
1638020157.799756;+0.003;-0.002;-0.003
1638020158.019765;+0.003;-0.002;-0.001
1638020158.239867;+0.004;-0.002;-0.002
1638020158.449796;+0.002;-0.002;-0.002
1638020158.669751;+0.003;-0.002;-0.002
1638020158.889692;+0.003;-0.003;-0.002
1638020159.109801;+0.003;-0.001;-0.003
1638020159.329784;+0.003;-0.002;-0.002
1638020159.549425;+0.002;-0.002;-0.002
1638020159.76967;+0.002;-0.003;-0.002
1638020159.989694;+0.002;-0.002;-0.002
1638020160.199834;+0.003;-0.003;-0.002
1638020160.41981;+0.004;-0.002;-0.002
1638020160.639404;+0.004;-0.002;-0.002
1638020160.859293;+0.003;-0.002;-0.002
1638020161.079751;+0.001;-0.003;-0.002
1638020161.299795;+0.002;-0.002;-0.003
1638020161.519876;+0.002;-0.002;-0.002
1638020161.73976;+0.003;-0.003;-0.002
1638020161.958801;+0.003;-0.002;-0.002
1638020162.178761;+0.003;-0.003;-0.002
1638020162.398374;+0.004;-0.003;-0.003
1638020162.618732;+0.003;-0.002;-0.002
1638020162.838691;+0.002;-0.003;-0.003
1638020163.058759;+0.002;-0.002;-0.003
1638020163.278853;+0.003;-0.003;-0.002
1638020163.498356;+0.003;-0.002;-0.002
1638020163.718725;+0.002;-0.003;-0.002
1638020163.938767;+0.004;-0.002;-0.002
1638020164.158739;+0.002;-0.003;-0.002
1638020164.378812;+0.003;-0.003;-0.002
1638020164.598322;+0.003;-0.003;-0.002
1638020164.8183;+0.003;-0.003;-0.002
1638020165.038591;+0.004;-0.002;-0.002
1638020165.258867;+0.003;-0.002;-0.003
1638020165.478701;+0.003;-0.003;-0.002
1638020165.698829;+0.004;-0.003;-0.003
1638020165.918672;+0.004;-0.002;-0.003
1638020166.138906;+0.003;-0.003;-0.002
1638020166.358855;+0.003;-0.002;-0.003
1638020166.578304;+0.003;-0.002;-0.002
1638020166.798809;+0.003;-0.002;-0.002
1638020167.018758;+0.003;-0.002;-0.002
1638020167.238753;+0.004;-0.003;-0.002
1638020167.45891;+0.002;-0.003;-0.002
1638020167.678712;+0.003;-0.002;-0.003
1638020167.898663;+0.003;-0.003;-0.003
1638020168.118678;+0.002;-0.002;-0.002
1638020168.338832;+0.002;-0.003;-0.002
1638020168.558497;+0.002;-0.002;-0.002
1638020168.778765;+0.002;-0.003;-0.003
1638020168.998647;+0.003;-0.002;-0.002
1638020169.21871;+0.003;-0.002;-0.003
1638020169.437748;+0.003;-0.003;-0.001
1638020169.657709;+0.002;-0.003;-0.002
1638020169.877891;+0.003;-0.002;-0.002
1638020170.097732;+0.002;-0.002;-0.002
1638020170.317805;+0.002;-0.001;-0.003
1638020170.537357;+0.003;-0.003;-0.002
1638020170.757275;+0.004;-0.002;-0.002
1638020170.977707;+0.003;-0.003;-0.002
1638020171.197962;+0.002;-0.003;-0.002
1638020171.417827;+0.002;-0.002;-0.002
1638020171.63776;+0.004;-0.002;-0.003
1638020171.857851;+0.004;-0.003;-0.002
1638020172.077786;+0.003;-0.002;-0.002
1638020172.29774;+0.003;-0.002;-0.003
1638020172.517727;+0.003;-0.002;-0.002
1638020172.737321;+0.003;-0.003;-0.003
1638020172.957784;+0.002;-0.002;-0.002
1638020173.177671;+0.004;-0.002;-0.001
1638020173.397461;+0.003;-0.002;-0.003
1638020173.617706;+0.003;-0.002;-0.002
1638020173.837809;+0.003;-0.003;-0.002
1638020174.057744;+0.003;-0.002;-0.002
1638020174.277819;+0.003;-0.002;-0.002
1638020174.497915;+0.003;-0.003;-0.002
1638020174.7177;+0.004;-0.003;-0.003
1638020174.937592;+0.004;-0.002;-0.002
1638020175.157577;+0.002;-0.003;-0.003
1638020175.377729;+0.001;-0.002;-0.002
1638020175.597679;+0.003;-0.002;-0.002
1638020175.817761;+0.004;-0.003;-0.002
1638020176.037351;+0.004;-0.002;-0.002
1638020176.257693;+0.003;-0.002;-0.001
1638020176.47784;+0.003;-0.004;-0.003
1638020176.697688;+0.003;-0.003;-0.002
1638020176.917716;+0.003;-0.002;-0.002
1638020177.136751;+0.002;-0.003;-0.002
1638020177.356677;+0.003;-0.002;-0.002
1638020177.576334;+0.002;-0.003;-0.003
1638020177.79623;+0.004;-0.003;-0.003
1638020178.017669;+0.002;-0.002;-0.001
1638020178.236332;+0.003;-0.003;-0.002
1638020178.456761;+0.003;-0.003;-0.002
1638020178.676797;+0.002;-0.003;-0.002
1638020178.896645;+0.003;-0.002;-0.002
1638020179.116749;+0.003;-0.002;-0.003
1638020179.336646;+0.003;-0.003;-0.002
1638020179.556724;+0.004;-0.003;-0.003
1638020179.776533;+0.003;-0.003;-0.003
1638020179.996522;+0.002;-0.002;-0.002
1638020180.216761;+0.002;-0.002;-0.002
1638020180.436712;+0.003;-0.002;-0.002
1638020180.65674;+0.003;-0.002;-0.002
1638020180.876548;+0.003;-0.003;-0.002
1638020181.096715;+0.002;-0.003;-0.002
1638020181.316681;+0.003;-0.003;-0.001
1638020181.536737;+0.003;-0.002;-0.002
1638020181.756343;+0.004;-0.003;-0.002
1638020181.97623;+0.002;-0.002;-0.003
1638020182.196582;+0.003;-0.002;-0.002
1638020182.41636;+0.002;-0.002;-0.003
1638020182.636681;+0.003;-0.002;-0.002
1638020182.856692;+0.004;-0.002;-0.003
1638020183.076556;+0.004;-0.003;-0.002
1638020183.29656;+0.002;-0.002;-0.003
1638020183.516689;+0.004;-0.003;-0.003
1638020183.736676;+0.003;-0.003;-0.002
1638020183.956542;+0.002;-0.002;-0.003
1638020184.176547;+0.002;-0.003;-0.003
1638020184.395921;+0.002;-0.002;-0.002
1638020184.615652;+0.003;-0.002;-0.002
1638020184.835654;+0.002;-0.003;-0.002
1638020185.05655;+0.003;-0.003;-0.003
1638020185.275517;+0.002;-0.003;-0.002
1638020185.495969;+0.003;-0.002;-0.002
1638020185.715539;+0.003;-0.001;-0.002
1638020185.935265;+0.002;-0.002;-0.002
1638020186.155689;+0.003;-0.002;-0.002
1638020186.375544;+0.003;-0.002;-0.002
1638020186.595647;+0.002;-0.003;-0.003
1638020186.815675;+0.003;-0.003;-0.002
1638020187.035588;+0.002;-0.003;-0.002
1638020187.255694;+0.002;-0.003;-0.002
1638020187.475634;+0.002;-0.003;-0.003
1638020187.695684;+0.003;-0.003;-0.002
1638020187.915864;+0.003;-0.003;-0.002
1638020188.135521;+0.003;-0.003;-0.002
1638020188.355512;+0.003;-0.002;-0.002
1638020188.575715;+0.004;-0.003;-0.002
1638020188.795735;+0.002;-0.002;-0.002
1638020189.015684;+0.003;-0.002;-0.002
1638020189.235575;+0.003;-0.002;-0.002
1638020189.455647;+0.003;-0.002;-0.002
1638020189.675738;+0.002;-0.002;-0.002
1638020189.895291;+0.004;-0.002;-0.002
1638020190.115517;+0.003;-0.003;-0.002
1638020190.335643;+0.003;-0.003;-0.002
1638020190.555722;+0.003;-0.002;-0.002
1638020190.775537;+0.003;-0.003;-0.002
1638020190.995564;+0.003;-0.002;-0.002
1638020191.215489;+0.001;-0.003;-0.002
1638020191.435589;+0.002;-0.002;-0.002
1638020191.65565;+0.003;-0.003;-0.002
1638020191.874643;+0.002;-0.002;-0.001
1638020192.095659;+0.002;-0.003;-0.002
1638020192.314525;+0.002;-0.002;-0.002
1638020192.534542;+0.002;-0.002;-0.002
1638020192.754588;+0.002;-0.002;-0.001
1638020192.974542;+0.003;-0.003;-0.002
1638020193.194597;+0.003;-0.002;-0.002
1638020193.414483;+0.002;-0.002;-0.003
1638020193.634713;+0.004;-0.002;-0.002
1638020193.854599;+0.003;-0.002;-0.002
1638020194.07413;+0.002;-0.002;-0.002
1638020194.294524;+0.003;-0.002;-0.001
1638020194.514518;+0.003;-0.002;-0.003
1638020194.734266;+0.003;-0.002;-0.002
1638020194.954224;+0.002;-0.002;-0.001
1638020195.17422;+0.003;-0.002;-0.002
1638020195.394545;+0.002;-0.002;-0.002
1638020195.614702;+0.003;-0.002;-0.002
1638020195.834629;+0.002;-0.002;-0.002
1638020196.05455;+0.002;-0.002;-0.003
1638020196.274627;+0.002;-0.003;-0.002
1638020196.494596;+0.002;-0.002;-0.002
1638020196.714553;+0.003;-0.002;-0.003
1638020196.934536;+0.003;-0.003;-0.002
1638020197.154533;+0.003;-0.003;-0.003
1638020197.374214;+0.003;-0.003;-0.002
1638020197.594549;+0.003;-0.002;-0.003
1638020197.814595;+0.002;-0.003;-0.002
1638020198.034564;+0.003;-0.002;-0.002
1638020198.254626;+0.004;-0.001;-0.003
1638020198.474732;+0.003;-0.003;-0.002
1638020198.694645;+0.003;-0.002;-0.002
1638020198.914419;+0.003;-0.002;-0.002
1638020199.134505;+0.004;-0.002;-0.002
1638020199.353691;+0.003;-0.002;-0.002
1638020199.573553;+0.002;-0.002;-0.003
1638020199.793705;+0.004;-0.002;-0.002
1638020200.013655;+0.002;-0.002;-0.001
1638020200.233587;+0.002;-0.003;-0.002
1638020200.453705;+0.002;-0.002;-0.002
1638020200.673564;+0.002;-0.002;-0.002
1638020200.89352;+0.003;-0.002;-0.002
1638020201.113485;+0.002;-0.002;-0.003
1638020201.333437;+0.004;-0.003;-0.002
1638020201.55353;+0.003;-0.001;-0.002
1638020201.773599;+0.003;-0.003;-0.002
1638020201.993472;+0.003;-0.003;-0.003
1638020202.213475;+0.003;-0.002;-0.002
1638020202.433695;+0.003;-0.002;-0.002
1638020202.653718;+0.003;-0.002;-0.002
1638020202.873496;+0.003;-0.003;-0.002
1638020203.09359;+0.003;-0.002;-0.003
1638020203.313483;+0.003;-0.003;-0.002
1638020203.533643;+0.002;-0.002;-0.002
1638020203.753566;+0.002;-0.002;-0.002
1638020203.973474;+0.002;-0.002;-0.002
1638020204.193549;+0.003;-0.003;-0.003
1638020204.403533;+0.003;-0.003;-0.002
1638020204.623541;+0.002;-0.002;-0.002
1638020204.843215;+0.003;-0.003;-0.002
1638020205.063169;+0.003;-0.002;-0.004
1638020205.283508;+0.002;-0.003;-0.002
1638020205.503824;+0.002;-0.003;-0.003
1638020205.723726;+0.002;-0.003;-0.002
1638020205.943528;+0.004;-0.003;-0.002
1638020206.163536;+0.002;-0.002;-0.003
1638020206.383453;+0.002;-0.002;-0.002
1638020206.60352;+0.002;-0.002;-0.002
1638020206.822645;+0.003;-0.002;-0.002
1638020207.042512;+0.003;-0.002;-0.002
1638020207.262493;+0.003;-0.003;-0.002
1638020207.482494;+0.003;-0.003;-0.002
1638020207.702489;+0.004;-0.003;-0.002
1638020207.922561;+0.002;-0.002;-0.002
1638020208.142459;+0.003;-0.002;-0.003
1638020208.362558;+0.002;-0.001;-0.003
1638020208.582479;+0.003;-0.003;-0.002
1638020208.802245;+0.002;-0.001;-0.002
1638020209.022212;+0.003;-0.002;-0.002
1638020209.242565;+0.004;-0.002;-0.002
1638020209.462491;+0.003;-0.002;-0.003
1638020209.682168;+0.004;-0.002;-0.002
1638020209.902209;+0.003;-0.002;-0.002
1638020210.122516;+0.003;-0.003;-0.002
1638020210.342556;+0.002;-0.003;-0.002
1638020210.562534;+0.003;-0.002;-0.002
1638020210.782505;+0.003;-0.002;-0.002
1638020211.002511;+0.002;-0.002;-0.003
1638020211.222577;+0.002;-0.002;-0.002
1638020211.442445;+0.002;-0.003;-0.002
1638020211.662545;+0.002;-0.002;-0.002
1638020211.882538;+0.003;-0.002;-0.002
1638020212.102546;+0.004;-0.002;-0.003
1638020212.322144;+0.002;-0.003;-0.002
1638020212.542564;+0.002;-0.002;-0.002
1638020212.762661;+0.002;-0.002;-0.002
1638020212.982529;+0.002;-0.002;-0.002
1638020213.202522;+0.002;-0.003;-0.002
1638020213.422424;+0.002;-0.003;-0.002
1638020213.632542;+0.003;-0.002;-0.003
1638020213.852162;+0.002;-0.002;-0.002
1638020214.070832;+0.004;-0.003;-0.002
1638020214.281495;+0.003;-0.002;-0.002
1638020214.501428;+0.004;-0.002;-0.002
1638020214.721522;+0.004;-0.002;-0.002
1638020214.941556;+0.002;-0.003;-0.002
1638020215.16159;+0.003;-0.003;-0.002
1638020215.381526;+0.003;-0.002;-0.003
1638020215.601473;+0.003;-0.003;-0.002
1638020215.821534;+0.003;-0.002;-0.002
1638020216.041588;+0.002;-0.003;-0.002
1638020216.26153;+0.003;-0.003;-0.002
1638020216.481385;+0.004;-0.003;-0.001
1638020216.701527;+0.002;-0.002;-0.002
1638020216.921344;+0.003;-0.003;-0.003
1638020217.141554;+0.003;-0.003;-0.002
1638020217.361483;+0.003;-0.002;-0.003
1638020217.581408;+0.002;-0.003;-0.002
1638020217.801152;+0.002;-0.003;-0.003
1638020218.021473;+0.002;-0.002;-0.001
1638020218.241203;+0.003;-0.002;-0.002
1638020218.461397;+0.003;-0.002;-0.002
1638020218.681532;+0.003;-0.003;-0.002
1638020218.901573;+0.003;-0.003;-0.002
1638020219.121488;+0.003;-0.002;-0.003
1638020219.341527;+0.003;-0.002;-0.002
1638020219.561454;+0.002;-0.002;-0.002
1638020219.781661;+0.002;-0.002;-0.002
1638020220.001528;+0.003;-0.002;-0.003
1638020220.22151;+0.003;-0.003;-0.002
1638020220.441592;+0.002;-0.002;-0.003
1638020220.661458;+0.003;-0.003;-0.003
1638020220.881538;+0.004;-0.003;-0.003
1638020221.101509;+0.004;-0.003;-0.002
1638020221.321491;+0.003;-0.003;-0.002
1638020221.540498;+0.002;-0.003;-0.002
1638020221.760484;+0.003;-0.002;-0.002
1638020221.980402;+0.004;-0.002;-0.002
1638020222.200151;+0.003;-0.003;-0.002
1638020222.420731;+0.002;-0.003;-0.003
1638020222.640444;+0.002;-0.001;-0.003
1638020222.860552;+0.002;-0.002;-0.002
1638020223.080453;+0.003;-0.002;-0.003
1638020223.300411;+0.002;-0.002;-0.002
1638020223.520488;+0.002;-0.003;-0.002
1638020223.740385;+0.004;-0.002;-0.002
1638020223.96053;+0.003;-0.003;-0.003
1638020224.180439;+0.003;-0.002;-0.002
1638020224.400466;+0.003;-0.002;-0.002
1638020224.620419;+0.003;-0.002;-0.003
1638020224.840459;+0.003;-0.002;-0.002
1638020225.060495;+0.003;-0.003;-0.002
1638020225.280433;+0.003;-0.002;-0.002
1638020225.500419;+0.002;-0.002;-0.002
1638020225.720424;+0.003;-0.002;-0.003
1638020225.940515;+0.004;-0.002;-0.002
1638020226.160174;+0.002;-0.002;-0.002
1638020226.380385;+0.002;-0.002;-0.002
1638020226.600175;+0.002;-0.002;-0.002
1638020226.820461;+0.003;-0.003;-0.002
1638020227.040584;+0.004;-0.002;-0.003
1638020227.260469;+0.004;-0.002;-0.002
1638020227.480404;+0.002;-0.003;-0.002
1638020227.690436;+0.002;-0.002;-0.002
1638020227.910565;+0.002;-0.002;-0.002
1638020228.130426;+0.003;-0.002;-0.002
1638020228.350437;+0.003;-0.002;-0.002
1638020228.570434;+0.003;-0.002;-0.001
1638020228.7905;+0.002;-0.003;-0.002
1638020229.009353;+0.002;-0.003;-0.003
1638020229.229535;+0.003;-0.003;-0.002
1638020229.449783;+0.003;-0.002;-0.002
1638020229.669389;+0.002;-0.002;-0.003
1638020229.889512;+0.004;-0.002;-0.001
1638020230.10945;+0.003;-0.002;-0.003
1638020230.329462;+0.003;-0.002;-0.003
1638020230.549526;+0.002;-0.003;-0.002
1638020230.769381;+0.003;-0.003;-0.002
1638020230.989536;+0.003;-0.003;-0.003
1638020231.209413;+0.002;-0.003;-0.002
1638020231.429486;+0.002;-0.003;-0.002
1638020231.649417;+0.003;-0.002;-0.002
1638020231.869513;+0.002;-0.002;-0.002
1638020232.089442;+0.003;-0.003;-0.002
1638020232.309362;+0.002;-0.003;-0.002
1638020232.529497;+0.003;-0.002;-0.002
1638020232.74943;+0.003;-0.002;-0.002
1638020232.969488;+0.002;-0.002;-0.002
1638020233.189403;+0.002;-0.002;-0.002
1638020233.409288;+0.002;-0.003;-0.003
1638020233.629673;+0.003;-0.003;-0.002
1638020233.849406;+0.002;-0.001;-0.002
1638020234.069661;+0.002;-0.002;-0.002
1638020234.289414;+0.003;-0.002;-0.002
1638020234.509373;+0.003;-0.003;-0.001
1638020234.729565;+0.003;-0.002;-0.002
1638020234.949452;+0.002;-0.003;-0.002
1638020235.169007;+0.003;-0.003;-0.002
1638020235.389325;+0.002;-0.003;-0.002
1638020235.609437;+0.003;-0.002;-0.002
1638020235.829465;+0.004;-0.003;-0.002
1638020236.04941;+0.003;-0.003;-0.003
1638020236.269464;+0.002;-0.002;-0.002
1638020236.488428;+0.003;-0.002;-0.002
1638020236.708381;+0.003;-0.003;-0.002
1638020236.928409;+0.003;-0.002;-0.003
1638020237.148118;+0.003;-0.003;-0.002
1638020237.36846;+0.002;-0.003;-0.003
1638020237.588369;+0.003;-0.002;-0.002
1638020237.808401;+0.003;-0.002;-0.002
1638020238.028438;+0.003;-0.003;-0.002
1638020238.248438;+0.003;-0.003;-0.002
1638020238.468423;+0.004;-0.002;-0.003
1638020238.688392;+0.003;-0.002;-0.003
1638020238.908363;+0.003;-0.002;-0.002
1638020239.128684;+0.003;-0.003;-0.002
1638020239.348327;+0.002;-0.003;-0.002
1638020239.568347;+0.003;-0.003;-0.002
1638020239.78835;+0.003;-0.003;-0.002
1638020240.008456;+0.004;-0.002;-0.002
1638020240.228429;+0.003;-0.001;-0.001
1638020240.448363;+0.003;-0.003;-0.002
1638020240.668379;+0.002;-0.002;-0.002
1638020240.888389;+0.002;-0.002;-0.002
1638020241.108044;+0.004;-0.002;-0.003
1638020241.328461;+0.003;-0.002;-0.003
1638020241.548387;+0.002;-0.002;-0.002
1638020241.768371;+0.003;-0.001;-0.002
1638020241.988489;+0.002;-0.003;-0.002
1638020242.208402;+0.002;-0.002;-0.002
1638020242.428414;+0.003;-0.002;-0.003
1638020242.648135;+0.002;-0.003;-0.002
1638020242.86837;+0.003;-0.002;-0.002
1638020243.088399;+0.003;-0.002;-0.003
1638020243.308354;+0.002;-0.002;-0.003
1638020243.528361;+0.002;-0.003;-0.002
1638020243.748334;+0.002;-0.003;-0.003
1638020243.967448;+0.003;-0.003;-0.002
1638020244.1875;+0.003;-0.002;-0.002
1638020244.407399;+0.004;-0.002;-0.003
1638020244.627355;+0.003;-0.002;-0.002
1638020244.847367;+0.004;-0.003;-0.003
1638020245.067497;+0.003;-0.004;-0.003
1638020245.287396;+0.002;-0.003;-0.002
1638020245.507398;+0.004;-0.002;-0.002
1638020245.72729;+0.002;-0.002;-0.003
1638020245.947279;+0.003;-0.001;-0.002
1638020246.167437;+0.004;-0.002;-0.002
1638020246.387359;+0.002;-0.003;-0.002
1638020246.607356;+0.004;-0.002;-0.002
1638020246.827326;+0.002;-0.002;-0.002
1638020247.047387;+0.003;-0.002;-0.002
1638020247.266903;+0.002;-0.001;-0.002
1638020247.487462;+0.002;-0.002;-0.002
1638020247.707077;+0.002;-0.002;-0.003
1638020247.927297;+0.003;-0.003;-0.001
1638020248.147094;+0.003;-0.002;-0.001
1638020248.366995;+0.003;-0.002;-0.002
1638020248.587386;+0.003;-0.003;-0.002
1638020248.807265;+0.003;-0.002;-0.002
1638020249.027446;+0.003;-0.003;-0.002
1638020249.247434;+0.003;-0.003;-0.002
1638020249.467297;+0.002;-0.002;-0.002
1638020249.687332;+0.004;-0.002;-0.003
1638020249.907286;+0.002;-0.002;-0.002
1638020250.12741;+0.002;-0.002;-0.002
1638020250.347365;+0.003;-0.002;-0.002
1638020250.567028;+0.002;-0.002;-0.002
1638020250.787415;+0.003;-0.002;-0.002
1638020251.007357;+0.002;-0.001;-0.003
1638020251.227073;+0.004;-0.003;-0.003
1638020251.446105;+0.003;-0.003;-0.002
1638020251.666341;+0.003;-0.003;-0.002
1638020251.886328;+0.003;-0.003;-0.002
1638020252.106551;+0.004;-0.003;-0.001
1638020252.326371;+0.003;-0.002;-0.002
1638020252.546334;+0.003;-0.002;-0.002
1638020252.766319;+0.003;-0.003;-0.002
1638020252.986391;+0.002;-0.002;-0.003
1638020253.206624;+0.003;-0.002;-0.003
1638020253.426447;+0.002;-0.002;-0.003
1638020253.646441;+0.003;-0.002;-0.002
1638020253.866331;+0.002;-0.002;-0.002
1638020254.086401;+0.002;-0.002;-0.002
1638020254.306319;+0.003;-0.002;-0.002
1638020254.526336;+0.002;-0.002;-0.002
1638020254.74639;+0.002;-0.002;-0.003
1638020254.966436;+0.002;-0.002;-0.002
1638020255.18639;+0.003;-0.003;-0.002
1638020255.406337;+0.002;-0.002;-0.002
1638020255.626288;+0.003;-0.002;-0.002
1638020255.846317;+0.003;-0.002;-0.003
1638020256.066089;+0.003;-0.003;-0.002
1638020256.285644;+0.003;-0.002;-0.002
1638020256.50634;+0.003;-0.003;-0.002
1638020256.726292;+0.003;-0.002;-0.002
1638020256.946306;+0.002;-0.003;-0.003
1638020257.166384;+0.003;-0.002;-0.002
1638020257.386322;+0.002;-0.002;-0.002
1638020257.606327;+0.004;-0.002;-0.003
1638020257.826389;+0.004;-0.002;-0.002
1638020258.046267;+0.003;-0.002;-0.003
1638020258.266406;+0.002;-0.003;-0.002
1638020258.486266;+0.004;-0.003;-0.002
1638020258.706351;+0.002;-0.003;-0.002
1638020258.925346;+0.003;-0.003;-0.002
1638020259.145351;+0.003;-0.002;-0.002
1638020259.364965;+0.003;-0.002;-0.002
1638020259.585526;+0.002;-0.003;-0.003
1638020259.80531;+0.003;-0.003;-0.002
1638020260.025249;+0.002;-0.003;-0.002
1638020260.24538;+0.002;-0.003;-0.002
1638020260.465299;+0.002;-0.003;-0.002
1638020260.685351;+0.003;-0.003;-0.003
1638020260.905568;+0.003;-0.001;-0.002
1638020261.125335;+0.003;-0.002;-0.002
1638020261.345333;+0.004;-0.003;-0.002
1638020261.565305;+0.002;-0.003;-0.002
1638020261.785336;+0.003;-0.003;-0.002
1638020262.005572;+0.003;-0.003;-0.002
1638020262.225326;+0.003;-0.002;-0.001
1638020262.444911;+0.004;-0.003;-0.002
1638020262.665248;+0.004;-0.003;-0.002
1638020262.885352;+0.002;-0.003;-0.002
1638020263.105296;+0.003;-0.002;-0.002
1638020263.325506;+0.003;-0.003;-0.002
1638020263.545386;+0.003;-0.003;-0.002
1638020263.7649;+0.002;-0.002;-0.003
1638020263.984911;+0.003;-0.003;-0.002
1638020264.20535;+0.002;-0.002;-0.002
1638020264.424949;+0.002;-0.002;-0.003
1638020264.645189;+0.003;-0.003;-0.002
1638020264.865189;+0.003;-0.003;-0.001
1638020265.085193;+0.003;-0.003;-0.002
1638020265.305365;+0.002;-0.003;-0.003
1638020265.525324;+0.003;-0.002;-0.002
1638020265.745167;+0.003;-0.002;-0.002
1638020265.96521;+0.003;-0.003;-0.002
1638020266.184382;+0.003;-0.003;-0.003
1638020266.404038;+0.004;-0.002;-0.002
1638020266.623952;+0.004;-0.002;-0.002
1638020266.844225;+0.003;-0.002;-0.002
1638020267.064004;+0.004;-0.002;-0.002
1638020267.284294;+0.003;-0.002;-0.002
1638020267.504383;+0.003;-0.003;-0.003
1638020267.724284;+0.003;-0.002;-0.001
1638020267.944281;+0.003;-0.002;-0.001
1638020268.164304;+0.004;-0.003;-0.002
1638020268.38425;+0.002;-0.003;-0.002
1638020268.604533;+0.002;-0.002;-0.002
1638020268.823899;+0.002;-0.003;-0.002
1638020269.044279;+0.003;-0.002;-0.002
1638020269.26437;+0.003;-0.003;-0.003
1638020269.48426;+0.003;-0.002;-0.003
1638020269.704327;+0.003;-0.002;-0.001
1638020269.924251;+0.002;-0.002;-0.001
1638020270.144297;+0.002;-0.002;-0.002
1638020270.364068;+0.004;-0.001;-0.002
1638020270.58397;+0.002;-0.002;-0.002
1638020270.804359;+0.003;-0.003;-0.002
1638020271.024201;+0.003;-0.003;-0.002
1638020271.244393;+0.003;-0.003;-0.003
1638020271.464294;+0.002;-0.002;-0.002
1638020271.684421;+0.003;-0.003;-0.002
1638020271.90424;+0.002;-0.003;-0.002
1638020272.12424;+0.002;-0.002;-0.002
1638020272.343962;+0.003;-0.003;-0.001
1638020272.563491;+0.002;-0.002;-0.002
1638020272.784363;+0.003;-0.002;-0.003
1638020273.004229;+0.003;-0.003;-0.002
1638020273.224197;+0.003;-0.002;-0.002
1638020273.444477;+0.002;-0.002;-0.002
1638020273.66325;+0.003;-0.003;-0.002
1638020273.883205;+0.002;-0.002;-0.002
1638020274.103276;+0.001;-0.003;-0.002
1638020274.323341;+0.002;-0.003;-0.002
1638020274.542542;+0.002;-0.003;-0.002
1638020274.752816;+0.002;-0.002;-0.002
1638020274.973243;+0.002;-0.002;-0.002
1638020275.193233;+0.003;-0.002;-0.002
1638020275.413262;+0.003;-0.003;-0.002
1638020275.633289;+0.002;-0.002;-0.002
1638020275.853286;+0.002;-0.004;-0.002
1638020276.073227;+0.002;-0.002;-0.002
1638020276.293248;+0.004;-0.001;-0.001
1638020276.513234;+0.004;-0.003;-0.002
1638020276.732851;+0.003;-0.002;-0.002
1638020276.953314;+0.002;-0.002;-0.001
1638020277.173296;+0.003;-0.002;-0.002
1638020277.392954;+0.003;-0.002;-0.002
1638020277.613256;+0.002;-0.002;-0.002
1638020277.833162;+0.003;-0.003;-0.002
1638020278.053216;+0.003;-0.003;-0.002
1638020278.27322;+0.002;-0.002;-0.003
1638020278.49321;+0.003;-0.003;-0.002
1638020278.71323;+0.003;-0.002;-0.003
1638020278.933127;+0.003;-0.003;-0.003
1638020279.153258;+0.002;-0.002;-0.002
1638020279.373329;+0.003;-0.003;-0.002
1638020279.59325;+0.004;-0.002;-0.002
1638020279.813168;+0.003;-0.002;-0.003
1638020280.033343;+0.003;-0.003;-0.001
1638020280.25321;+0.003;-0.002;-0.002
1638020280.47329;+0.004;-0.002;-0.003
1638020280.693174;+0.003;-0.001;-0.002
1638020280.913234;+0.002;-0.003;-0.002
1638020281.132202;+0.003;-0.001;-0.003
1638020281.352249;+0.003;-0.002;-0.002
1638020281.572189;+0.002;-0.002;-0.002
1638020281.79223;+0.003;-0.003;-0.001
1638020282.012126;+0.003;-0.002;-0.002
1638020282.23213;+0.003;-0.002;-0.002
1638020282.45233;+0.003;-0.002;-0.003
1638020282.67182;+0.002;-0.003;-0.002
1638020282.892125;+0.003;-0.002;-0.002
1638020283.112146;+0.002;-0.002;-0.003
1638020283.33212;+0.002;-0.003;-0.001
1638020283.552431;+0.003;-0.002;-0.003
1638020283.77226;+0.003;-0.003;-0.002
1638020283.992202;+0.003;-0.002;-0.002
1638020284.212152;+0.003;-0.003;-0.002
1638020284.472047;+0.003;-0.002;-0.002
1638020284.691907;+0.002;-0.002;-0.002
1638020284.912177;+0.003;-0.003;-0.002
1638020285.132095;+0.002;-0.002;-0.002
1638020285.3522;+0.002;-0.003;-0.002
1638020285.572256;+0.003;-0.003;-0.002
1638020285.792171;+0.002;-0.003;-0.002
1638020286.012145;+0.003;-0.003;-0.002
1638020286.232276;+0.003;-0.002;-0.002
1638020286.452231;+0.004;-0.002;-0.003
1638020286.671847;+0.004;-0.002;-0.002
1638020286.892177;+0.002;-0.003;-0.002
1638020287.112271;+0.003;-0.003;-0.003
1638020287.332236;+0.003;-0.002;-0.002
1638020287.552339;+0.003;-0.002;-0.002
1638020287.772198;+0.003;-0.002;-0.002
1638020287.992186;+0.004;-0.002;-0.002
1638020288.212135;+0.003;-0.002;-0.003
1638020288.432266;+0.002;-0.002;-0.003
1638020288.651228;+0.003;-0.003;-0.003
1638020288.872103;+0.002;-0.003;-0.002
1638020289.091163;+0.003;-0.003;-0.002
1638020289.311183;+0.003;-0.002;-0.001
1638020289.531311;+0.002;-0.003;-0.002
1638020289.751183;+0.002;-0.003;-0.001
1638020289.971236;+0.004;-0.002;-0.003
1638020290.191334;+0.003;-0.003;-0.002
1638020290.411194;+0.002;-0.003;-0.002
1638020290.631362;+0.003;-0.003;-0.002
1638020290.851213;+0.003;-0.003;-0.003
1638020291.071174;+0.002;-0.002;-0.002
1638020291.291191;+0.003;-0.002;-0.002
1638020291.511171;+0.003;-0.003;-0.002
1638020291.730916;+0.002;-0.002;-0.003
1638020291.950796;+0.004;-0.003;-0.002
1638020292.171082;+0.002;-0.002;-0.002
1638020292.391152;+0.002;-0.002;-0.002
1638020292.611261;+0.003;-0.002;-0.002
1638020292.83131;+0.003;-0.001;-0.002
1638020293.051131;+0.002;-0.003;-0.002
1638020293.271113;+0.003;-0.002;-0.001
1638020293.491338;+0.003;-0.002;-0.003
1638020293.711164;+0.002;-0.003;-0.002
1638020293.93123;+0.003;-0.002;-0.002
1638020294.15119;+0.003;-0.003;-0.003
1638020294.371175;+0.003;-0.002;-0.002
1638020294.591067;+0.003;-0.002;-0.002
1638020294.810787;+0.002;-0.003;-0.002
1638020295.031099;+0.002;-0.003;-0.002
1638020295.251109;+0.003;-0.003;-0.002
1638020295.471217;+0.003;-0.001;-0.002
1638020295.691505;+0.003;-0.003;-0.002
1638020295.910122;+0.003;-0.003;-0.002
1638020296.130089;+0.002;-0.003;-0.003
1638020296.350108;+0.003;-0.003;-0.003
1638020296.570191;+0.003;-0.002;-0.002
1638020296.790123;+0.002;-0.003;-0.002
1638020297.010213;+0.002;-0.002;-0.002
1638020297.230106;+0.003;-0.002;-0.002
1638020297.450119;+0.002;-0.002;-0.002
1638020297.670452;+0.004;-0.001;-0.002
1638020297.890185;+0.003;-0.002;-0.002
1638020298.110204;+0.003;-0.002;-0.002
1638020298.33012;+0.004;-0.004;-0.002
1638020298.550335;+0.002;-0.003;-0.002
1638020298.769775;+0.002;-0.002;-0.002
1638020298.990253;+0.002;-0.002;-0.002
1638020299.210148;+0.004;-0.002;-0.002
1638020299.430033;+0.004;-0.003;-0.002
1638020299.650318;+0.002;-0.002;-0.003
1638020299.870191;+0.002;-0.002;-0.002
1638020300.09016;+0.002;-0.002;-0.002
1638020300.310212;+0.003;-0.002;-0.002
1638020300.520122;+0.003;-0.002;-0.003
1638020300.740151;+0.003;-0.001;-0.002
1638020300.960155;+0.003;-0.002;-0.003
1638020301.180134;+0.003;-0.003;-0.001
1638020301.400115;+0.004;-0.002;-0.002
1638020301.62019;+0.003;-0.003;-0.002
1638020301.840174;+0.002;-0.002;-0.002
1638020302.060167;+0.003;-0.003;-0.003
1638020302.280185;+0.003;-0.002;-0.002
1638020302.50013;+0.003;-0.003;-0.002
1638020302.719965;+0.003;-0.002;-0.001
1638020302.939754;+0.003;-0.003;-0.002
1638020303.160114;+0.004;-0.002;-0.002
1638020303.380184;+0.003;-0.001;-0.003
1638020303.599209;+0.003;-0.002;-0.002
1638020303.818951;+0.003;-0.002;-0.001
1638020304.039155;+0.002;-0.002;-0.001
1638020304.259117;+0.002;-0.003;-0.003
1638020304.479133;+0.003;-0.002;-0.002
1638020304.700161;+0.003;-0.002;-0.002
1638020304.918873;+0.002;-0.003;-0.002
1638020305.138771;+0.004;-0.003;-0.002
1638020305.359091;+0.003;-0.002;-0.003
1638020305.579063;+0.003;-0.002;-0.001
1638020305.799209;+0.003;-0.003;-0.002
1638020306.019167;+0.004;-0.002;-0.002
1638020306.239112;+0.002;-0.002;-0.002
1638020306.459163;+0.003;-0.001;-0.003
1638020306.67922;+0.002;-0.003;-0.003
1638020306.89911;+0.003;-0.002;-0.002
1638020307.118842;+0.003;-0.003;-0.002
1638020307.339048;+0.003;-0.003;-0.002
1638020307.559116;+0.003;-0.002;-0.002
1638020307.778845;+0.002;-0.002;-0.002
1638020307.998798;+0.003;-0.003;-0.003
1638020308.219145;+0.004;-0.002;-0.002
1638020308.439107;+0.003;-0.002;-0.002
1638020308.659297;+0.003;-0.002;-0.003
1638020308.879128;+0.003;-0.003;-0.002
1638020309.099081;+0.004;-0.002;-0.002
1638020309.319043;+0.003;-0.003;-0.002
1638020309.53897;+0.004;-0.001;-0.003
1638020309.75918;+0.004;-0.001;-0.002
1638020309.978669;+0.002;-0.002;-0.003
1638020310.199169;+0.003;-0.002;-0.003
1638020310.418743;+0.003;-0.003;-0.002
1638020310.639073;+0.003;-0.003;-0.003
1638020310.858767;+0.003;-0.002;-0.002
1638020311.07811;+0.003;-0.003;-0.003
1638020311.298141;+0.003;-0.003;-0.002
1638020311.518024;+0.003;-0.003;-0.002
1638020311.739174;+0.002;-0.002;-0.002
1638020311.957789;+0.004;-0.003;-0.003
1638020312.178077;+0.002;-0.002;-0.002
1638020312.398078;+0.003;-0.003;-0.002
1638020312.6181;+0.003;-0.002;-0.003
1638020312.837918;+0.002;-0.003;-0.001
1638020313.057717;+0.003;-0.003;-0.003
1638020313.278146;+0.002;-0.003;-0.002
1638020313.498162;+0.003;-0.003;-0.002
1638020313.718086;+0.004;-0.001;-0.002
1638020313.938054;+0.003;-0.002;-0.002
1638020314.158061;+0.003;-0.003;-0.002
1638020314.37819;+0.003;-0.002;-0.002
1638020314.598078;+0.003;-0.003;-0.002
1638020314.817866;+0.003;-0.003;-0.002
1638020315.038124;+0.003;-0.002;-0.003
1638020315.258083;+0.003;-0.002;-0.001
1638020315.478136;+0.003;-0.003;-0.002
1638020315.698136;+0.002;-0.002;-0.002
1638020315.918082;+0.002;-0.002;-0.003
1638020316.137999;+0.004;-0.002;-0.002
1638020316.358019;+0.003;-0.003;-0.002
1638020316.578066;+0.002;-0.002;-0.002
1638020316.798146;+0.002;-0.002;-0.001
1638020317.018085;+0.003;-0.003;-0.001
1638020317.238117;+0.002;-0.003;-0.002
1638020317.458152;+0.002;-0.002;-0.002
1638020317.678063;+0.003;-0.002;-0.002
1638020317.898204;+0.003;-0.003;-0.003
1638020318.118049;+0.002;-0.002;-0.002
1638020318.337041;+0.004;-0.002;-0.002
1638020318.557266;+0.002;-0.002;-0.002
1638020318.778233;+0.002;-0.002;-0.002
1638020318.997066;+0.003;-0.002;-0.002
1638020319.217003;+0.004;-0.003;-0.002
1638020319.436964;+0.003;-0.001;-0.002
1638020319.657073;+0.002;-0.002;-0.001
1638020319.876878;+0.003;-0.003;-0.002
1638020320.096796;+0.003;-0.003;-0.002
1638020320.316843;+0.003;-0.002;-0.002
1638020320.537095;+0.003;-0.001;-0.002
1638020320.757182;+0.004;-0.002;-0.003
1638020320.977119;+0.002;-0.003;-0.002
1638020321.197126;+0.003;-0.002;-0.003
1638020321.41701;+0.002;-0.002;-0.002
1638020321.636717;+0.003;-0.003;-0.002
1638020321.857133;+0.003;-0.002;-0.002
1638020322.077119;+0.002;-0.002;-0.002
1638020322.29699;+0.004;-0.001;-0.003
1638020322.516997;+0.002;-0.002;-0.002
1638020322.737135;+0.002;-0.003;-0.002
1638020322.957114;+0.002;-0.002;-0.002
1638020323.177082;+0.003;-0.002;-0.002
1638020323.397006;+0.003;-0.002;-0.002
1638020323.61715;+0.003;-0.002;-0.003
1638020323.836853;+0.004;-0.002;-0.003
1638020324.067022;+0.003;-0.002;-0.002
1638020324.287082;+0.003;-0.002;-0.002
1638020324.507004;+0.002;-0.002;-0.002
1638020324.72708;+0.003;-0.003;-0.002
1638020324.947027;+0.002;-0.003;-0.002
1638020325.166747;+0.002;-0.003;-0.002
1638020325.386967;+0.003;-0.002;-0.002
1638020325.607049;+0.002;-0.002;-0.002
1638020325.827244;+0.003;-0.002;-0.002
1638020326.045787;+0.003;-0.002;-0.002
1638020326.265678;+0.003;-0.003;-0.002
1638020326.485962;+0.002;-0.003;-0.002
1638020326.706074;+0.002;-0.003;-0.002
1638020326.926097;+0.003;-0.002;-0.002
1638020327.145979;+0.003;-0.002;-0.002
1638020327.36603;+0.003;-0.002;-0.002
1638020327.58606;+0.003;-0.003;-0.002
1638020327.806179;+0.002;-0.003;-0.002
1638020328.026031;+0.003;-0.002;-0.002
1638020328.245992;+0.003;-0.003;-0.003
1638020328.466111;+0.002;-0.003;-0.003
1638020328.685988;+0.002;-0.002;-0.003
1638020328.905991;+0.002;-0.002;-0.002
1638020329.126248;+0.004;-0.002;-0.002
1638020329.346205;+0.002;-0.002;-0.003
1638020329.565997;+0.004;-0.002;-0.002
1638020329.785957;+0.002;-0.002;-0.002
1638020330.006113;+0.003;-0.003;-0.002
1638020330.226104;+0.003;-0.003;-0.002
1638020330.446006;+0.002;-0.002;-0.002
1638020330.666068;+0.004;-0.003;-0.002
1638020330.886048;+0.003;-0.002;-0.002
1638020331.106111;+0.004;-0.002;-0.002
1638020331.326056;+0.003;-0.002;-0.003
1638020331.545925;+0.003;-0.003;-0.002
1638020331.765967;+0.003;-0.002;-0.002
1638020331.986051;+0.003;-0.002;-0.002
1638020332.206193;+0.004;-0.002;-0.002
1638020332.426035;+0.003;-0.003;-0.002
1638020332.646082;+0.003;-0.002;-0.002
1638020332.866073;+0.004;-0.002;-0.002
1638020333.085651;+0.003;-0.002;-0.002
1638020333.30509;+0.003;-0.002;-0.002
1638020333.52499;+0.003;-0.003;-0.002
1638020333.744597;+0.003;-0.002;-0.002
1638020333.964587;+0.004;-0.003;-0.003
1638020334.184737;+0.003;-0.002;-0.002
1638020334.405011;+0.001;-0.003;-0.003
1638020334.62497;+0.003;-0.002;-0.002
1638020334.844747;+0.004;-0.003;-0.002
1638020335.064874;+0.003;-0.003;-0.002
1638020335.285057;+0.002;-0.003;-0.003
1638020335.505008;+0.003;-0.002;-0.002
1638020335.724904;+0.004;-0.002;-0.002
1638020335.94504;+0.004;-0.001;-0.002
1638020336.165018;+0.003;-0.003;-0.002
1638020336.385075;+0.004;-0.002;-0.002
1638020336.605004;+0.003;-0.003;-0.002
1638020336.825;+0.002;-0.002;-0.001
1638020337.044995;+0.002;-0.003;-0.003
1638020337.264637;+0.002;-0.003;-0.002
1638020337.48501;+0.002;-0.003;-0.002
1638020337.704892;+0.003;-0.003;-0.002
1638020337.925006;+0.002;-0.002;-0.002
1638020338.144982;+0.002;-0.002;-0.002
1638020338.364883;+0.002;-0.003;-0.002
1638020338.584931;+0.003;-0.002;-0.002
1638020338.804978;+0.003;-0.002;-0.002
1638020339.024984;+0.003;-0.002;-0.002
1638020339.24492;+0.003;-0.003;-0.002
1638020339.465021;+0.002;-0.002;-0.002
1638020339.684929;+0.002;-0.003;-0.002
1638020339.904872;+0.002;-0.003;-0.002
1638020340.124699;+0.003;-0.003;-0.001
1638020340.344965;+0.003;-0.002;-0.002
1638020340.565066;+0.003;-0.002;-0.002
1638020340.78402;+0.002;-0.002;-0.002
1638020341.00407;+0.003;-0.002;-0.002
1638020341.224014;+0.003;-0.002;-0.002
1638020341.443906;+0.003;-0.002;-0.002
1638020341.664027;+0.003;-0.002;-0.002
1638020341.883988;+0.002;-0.002;-0.002
1638020342.104129;+0.004;-0.003;-0.003
1638020342.323983;+0.003;-0.002;-0.002
1638020342.544045;+0.003;-0.002;-0.002
1638020342.763876;+0.003;-0.002;-0.002
1638020342.984181;+0.002;-0.002;-0.002
1638020343.204036;+0.004;-0.003;-0.003
1638020343.423926;+0.004;-0.003;-0.002
1638020343.644055;+0.003;-0.002;-0.003
1638020343.864029;+0.003;-0.003;-0.003
1638020344.084021;+0.004;-0.002;-0.003
1638020344.303966;+0.003;-0.002;-0.002
1638020344.523954;+0.002;-0.002;-0.003
1638020344.743997;+0.003;-0.001;-0.002
1638020344.964007;+0.002;-0.003;-0.002
1638020345.183973;+0.002;-0.002;-0.003
1638020345.403686;+0.003;-0.002;-0.003
1638020345.623942;+0.003;-0.002;-0.002
1638020345.843868;+0.003;-0.003;-0.003
1638020346.064011;+0.002;-0.002;-0.001
1638020346.283591;+0.002;-0.003;-0.002
1638020346.503513;+0.004;-0.002;-0.002
1638020346.724008;+0.003;-0.002;-0.003
1638020346.94396;+0.002;-0.002;-0.001
1638020347.163996;+0.003;-0.002;-0.002
1638020347.383968;+0.003;-0.002;-0.001
1638020347.603992;+0.004;-0.002;-0.001
1638020347.824016;+0.002;-0.003;-0.002
1638020348.044055;+0.002;-0.003;-0.002
1638020348.262484;+0.002;-0.002;-0.002
1638020348.482504;+0.002;-0.003;-0.001
1638020348.703045;+0.004;-0.002;-0.002
1638020348.922921;+0.002;-0.003;-0.002
1638020349.142962;+0.002;-0.002;-0.002
1638020349.362939;+0.002;-0.002;-0.002
1638020349.58286;+0.002;-0.002;-0.002
1638020349.803035;+0.002;-0.002;-0.002
1638020350.022486;+0.003;-0.002;-0.002
1638020350.242739;+0.002;-0.003;-0.002
1638020350.462735;+0.003;-0.002;-0.003
1638020350.682488;+0.002;-0.003;-0.002
1638020350.902963;+0.002;-0.003;-0.002
1638020351.143017;+0.002;-0.003;-0.001
1638020351.362578;+0.003;-0.003;-0.002
1638020351.582422;+0.003;-0.002;-0.002
1638020351.80297;+0.003;-0.002;-0.001
1638020352.022564;+0.003;-0.003;-0.003
1638020352.242943;+0.002;-0.003;-0.002
1638020352.462956;+0.003;-0.003;-0.002
1638020352.682945;+0.003;-0.002;-0.002
1638020352.902974;+0.003;-0.003;-0.002
1638020353.12289;+0.002;-0.002;-0.002
1638020353.342448;+0.003;-0.001;-0.002
1638020353.562899;+0.002;-0.003;-0.003
1638020353.782886;+0.003;-0.002;-0.002
1638020354.002987;+0.004;-0.003;-0.002
1638020354.223031;+0.003;-0.002;-0.002
1638020354.442833;+0.004;-0.003;-0.002
1638020354.662939;+0.002;-0.003;-0.003
1638020354.882842;+0.003;-0.002;-0.001
1638020355.102986;+0.002;-0.002;-0.002
1638020355.322501;+0.003;-0.003;-0.003
1638020355.541859;+0.003;-0.002;-0.002
1638020355.761908;+0.002;-0.002;-0.002
1638020355.982011;+0.002;-0.003;-0.002
1638020356.201934;+0.002;-0.003;-0.002
1638020356.421837;+0.003;-0.003;-0.002
1638020356.641958;+0.003;-0.003;-0.003
1638020356.861935;+0.001;-0.002;-0.002
1638020357.081807;+0.003;-0.002;-0.002
1638020357.301921;+0.002;-0.003;-0.002
1638020357.521819;+0.003;-0.003;-0.003
1638020357.741772;+0.003;-0.003;-0.002
1638020357.96181;+0.003;-0.002;-0.002
1638020358.181978;+0.003;-0.003;-0.002
1638020358.402139;+0.003;-0.003;-0.002
1638020358.621922;+0.003;-0.003;-0.001
1638020358.841884;+0.004;-0.003;-0.003
1638020359.061531;+0.003;-0.003;-0.002
1638020359.281495;+0.003;-0.002;-0.002
1638020359.501482;+0.003;-0.003;-0.002
1638020359.72199;+0.003;-0.002;-0.003
1638020359.94191;+0.003;-0.002;-0.002
1638020360.161917;+0.003;-0.002;-0.002
1638020360.381896;+0.003;-0.003;-0.003
1638020360.601958;+0.003;-0.002;-0.002
1638020360.821871;+0.003;-0.002;-0.001
1638020361.041832;+0.003;-0.003;-0.002
1638020361.261922;+0.003;-0.002;-0.002
1638020361.481989;+0.002;-0.002;-0.002
1638020361.701858;+0.003;-0.002;-0.002
1638020361.921914;+0.004;-0.002;-0.002
1638020362.141829;+0.003;-0.002;-0.002
1638020362.362006;+0.003;-0.001;-0.002
1638020362.581929;+0.003;-0.003;-0.002
1638020362.801861;+0.003;-0.002;-0.002
1638020363.020953;+0.003;-0.002;-0.002
1638020363.240917;+0.003;-0.002;-0.002
1638020363.460809;+0.003;-0.003;-0.002
1638020363.680455;+0.003;-0.002;-0.002
1638020363.90079;+0.003;-0.002;-0.002
1638020364.120809;+0.003;-0.003;-0.002
1638020364.340989;+0.004;-0.001;-0.003
1638020364.560435;+0.004;-0.003;-0.002
1638020364.780918;+0.003;-0.003;-0.002
1638020365.001065;+0.003;-0.002;-0.002
1638020365.220925;+0.003;-0.002;-0.002
1638020365.440877;+0.002;-0.001;-0.002
1638020365.660898;+0.003;-0.002;-0.003
1638020365.880858;+0.003;-0.003;-0.002
1638020366.100825;+0.003;-0.003;-0.003
1638020366.320882;+0.003;-0.003;-0.002
1638020366.540842;+0.003;-0.002;-0.002
1638020366.76089;+0.002;-0.003;-0.002
1638020366.980817;+0.003;-0.003;-0.002
1638020367.200858;+0.002;-0.003;-0.002
1638020367.420873;+0.002;-0.003;-0.001
1638020367.640903;+0.002;-0.002;-0.002
1638020367.860809;+0.003;-0.002;-0.001
1638020368.080811;+0.002;-0.002;-0.002
1638020368.30069;+0.003;-0.002;-0.002
1638020368.520574;+0.003;-0.002;-0.003
1638020368.740438;+0.003;-0.002;-0.002
1638020368.960819;+0.003;-0.002;-0.002
1638020369.180923;+0.003;-0.003;-0.002
1638020369.400874;+0.003;-0.002;-0.002
1638020369.620894;+0.003;-0.003;-0.002
1638020369.840784;+0.002;-0.002;-0.002
1638020370.06075;+0.003;-0.002;-0.002
1638020370.280864;+0.004;-0.002;-0.002
1638020370.499797;+0.003;-0.003;-0.002
1638020370.719841;+0.003;-0.002;-0.003
1638020370.93985;+0.003;-0.003;-0.004
1638020371.159796;+0.003;-0.003;-0.001
1638020371.379835;+0.002;-0.002;-0.002
1638020371.599523;+0.003;-0.002;-0.002
1638020371.809459;+0.003;-0.003;-0.002
1638020372.029818;+0.004;-0.002;-0.002
1638020372.249981;+0.003;-0.002;-0.002
1638020372.469933;+0.003;-0.002;-0.002
1638020372.689876;+0.003;-0.001;-0.002
1638020372.909755;+0.003;-0.003;-0.002
1638020373.12976;+0.003;-0.003;-0.003
1638020373.34991;+0.002;-0.002;-0.002
1638020373.56988;+0.003;-0.003;-0.002
1638020373.789851;+0.002;-0.002;-0.003
1638020374.009866;+0.003;-0.002;-0.001
1638020374.229801;+0.003;-0.003;-0.002
1638020374.449808;+0.003;-0.003;-0.002
1638020374.670121;+0.002;-0.002;-0.002
1638020374.889803;+0.002;-0.002;-0.002
1638020375.109815;+0.003;-0.003;-0.002
1638020375.319849;+0.004;-0.002;-0.003
1638020375.539829;+0.004;-0.002;-0.001
1638020375.759888;+0.003;-0.001;-0.003
1638020375.979755;+0.003;-0.002;-0.003
1638020376.199777;+0.002;-0.002;-0.002
1638020376.419765;+0.003;-0.003;-0.004
1638020376.639522;+0.003;-0.003;-0.003
1638020376.859843;+0.004;-0.003;-0.003
1638020377.07974;+0.002;-0.003;-0.003
1638020377.299968;+0.003;-0.003;-0.002
1638020377.519725;+0.002;-0.002;-0.002
1638020377.740112;+0.003;-0.002;-0.003
1638020377.958855;+0.003;-0.003;-0.003
1638020378.178767;+0.003;-0.002;-0.002
1638020378.398885;+0.002;-0.002;-0.001
1638020378.619042;+0.004;-0.002;-0.002
1638020378.83979;+0.004;-0.002;-0.003
1638020379.058761;+0.003;-0.002;-0.004
1638020379.278855;+0.002;-0.002;-0.001
1638020379.498781;+0.003;-0.002;-0.002
1638020379.718775;+0.002;-0.003;-0.002
1638020379.938785;+0.003;-0.002;-0.001
1638020380.158825;+0.002;-0.002;-0.002
1638020380.378917;+0.003;-0.003;-0.002
1638020380.598802;+0.003;-0.002;-0.002
1638020380.818868;+0.003;-0.002;-0.003
1638020381.038773;+0.003;-0.003;-0.002
1638020381.258753;+0.002;-0.003;-0.003
1638020381.478965;+0.002;-0.003;-0.002
1638020381.698763;+0.003;-0.002;-0.002
1638020381.918861;+0.002;-0.002;-0.003
1638020382.13873;+0.003;-0.001;-0.002
1638020382.358852;+0.003;-0.002;-0.002
1638020382.578822;+0.002;-0.003;-0.002
1638020382.788792;+0.002;-0.002;-0.001
1638020383.008848;+0.004;-0.002;-0.003
1638020383.228857;+0.002;-0.002;-0.002
1638020383.448887;+0.003;-0.003;-0.002
1638020383.668754;+0.003;-0.003;-0.002
1638020383.888694;+0.002;-0.003;-0.002
1638020384.108396;+0.003;-0.002;-0.002
1638020384.328714;+0.003;-0.003;-0.002
1638020384.548835;+0.003;-0.002;-0.002
1638020384.768781;+0.002;-0.002;-0.002
1638020384.988738;+0.002;-0.002;-0.002
1638020385.208741;+0.003;-0.003;-0.002
1638020385.427786;+0.004;-0.002;-0.002
1638020385.647728;+0.002;-0.003;-0.001
1638020385.867681;+0.003;-0.003;-0.002
1638020386.087665;+0.004;-0.002;-0.002
1638020386.307798;+0.004;-0.003;-0.003
1638020386.527741;+0.003;-0.001;-0.003
1638020386.747817;+0.003;-0.002;-0.002
1638020386.967305;+0.002;-0.003;-0.002
1638020387.187682;+0.004;-0.001;-0.002
1638020387.407851;+0.003;-0.001;-0.002
1638020387.62776;+0.003;-0.002;-0.002
1638020387.847403;+0.004;-0.002;-0.003
1638020388.067742;+0.002;-0.003;-0.003
1638020388.287742;+0.002;-0.001;-0.002
1638020388.507798;+0.004;-0.003;-0.002
1638020388.727425;+0.003;-0.002;-0.001
1638020388.947684;+0.003;-0.003;-0.003
1638020389.167783;+0.003;-0.002;-0.002
1638020389.387805;+0.003;-0.003;-0.002
1638020389.607673;+0.003;-0.003;-0.002
1638020389.828006;+0.003;-0.002;-0.001
1638020390.047784;+0.002;-0.002;-0.002
1638020390.267662;+0.003;-0.001;-0.002
1638020390.487807;+0.002;-0.002;-0.002
1638020390.707758;+0.003;-0.002;-0.002
1638020390.927768;+0.002;-0.002;-0.003
1638020391.147771;+0.002;-0.002;-0.002
1638020391.367914;+0.004;-0.002;-0.003
1638020391.587862;+0.002;-0.002;-0.003
1638020391.807283;+0.002;-0.001;-0.002
1638020392.027738;+0.003;-0.003;-0.002
1638020392.247912;+0.002;-0.003;-0.002
1638020392.467633;+0.003;-0.003;-0.002
1638020392.687791;+0.003;-0.003;-0.003
1638020392.906818;+0.003;-0.003;-0.002
1638020393.126631;+0.003;-0.002;-0.002
1638020393.346749;+0.002;-0.002;-0.001
1638020393.566885;+0.002;-0.002;-0.002
1638020393.786716;+0.004;-0.002;-0.002
1638020394.006679;+0.003;-0.003;-0.002
1638020394.226713;+0.002;-0.003;-0.002
1638020394.446762;+0.003;-0.003;-0.002
1638020394.666009;+0.003;-0.003;-0.002
1638020394.886697;+0.002;-0.002;-0.002
1638020395.106732;+0.003;-0.003;-0.002
1638020395.326842;+0.002;-0.003;-0.002
1638020395.546755;+0.003;-0.004;-0.003
1638020395.766831;+0.002;-0.002;-0.002
1638020395.986731;+0.002;-0.002;-0.003
1638020396.206733;+0.003;-0.002;-0.002
1638020396.426749;+0.004;-0.002;-0.002
1638020396.646955;+0.004;-0.001;-0.003
1638020396.866735;+0.002;-0.002;-0.002
1638020397.086768;+0.002;-0.002;-0.002
1638020397.306582;+0.003;-0.002;-0.002
1638020397.526751;+0.002;-0.003;-0.002
1638020397.746271;+0.002;-0.003;-0.002
1638020397.96665;+0.003;-0.002;-0.003
1638020398.186677;+0.003;-0.002;-0.002
1638020398.406695;+0.002;-0.002;-0.001
1638020398.626838;+0.002;-0.002;-0.003
1638020398.846368;+0.003;-0.002;-0.002
1638020399.066868;+0.004;-0.003;-0.003
1638020399.286701;+0.003;-0.003;-0.002
1638020399.506804;+0.003;-0.002;-0.002
1638020399.726381;+0.004;-0.003;-0.002
1638020399.946665;+0.004;-0.003;-0.003
1638020400.16584;+0.002;-0.002;-0.002
1638020400.385585;+0.002;-0.003;-0.002
1638020400.605805;+0.003;-0.002;-0.002
1638020400.826423;+0.003;-0.003;-0.002
1638020401.045251;+0.003;-0.001;-0.002
1638020401.265696;+0.003;-0.003;-0.002
1638020401.485592;+0.002;-0.002;-0.002
1638020401.70797;+0.003;-0.003;-0.003
1638020401.935772;+0.003;-0.002;-0.002
1638020402.155839;+0.002;-0.002;-0.002
1638020402.375951;+0.004;-0.003;-0.002
1638020402.595793;+0.002;-0.003;-0.002
1638020402.815861;+0.004;-0.002;-0.002
1638020403.035353;+0.003;-0.002;-0.002
1638020403.255708;+0.002;-0.002;-0.002
1638020403.475733;+0.003;-0.002;-0.001
1638020403.695757;+0.004;-0.003;-0.002
1638020403.915703;+0.004;-0.001;-0.003
1638020404.135591;+0.002;-0.002;-0.002
1638020404.355676;+0.003;-0.002;-0.002
1638020404.575638;+0.003;-0.002;-0.002
1638020404.795707;+0.003;-0.002;-0.002
1638020405.015722;+0.003;-0.001;-0.002
1638020405.235524;+0.003;-0.002;-0.003
1638020405.455599;+0.003;-0.002;-0.002
1638020405.675786;+0.002;-0.003;-0.003
1638020405.895317;+0.003;-0.002;-0.002
1638020406.115676;+0.003;-0.002;-0.004
1638020406.335592;+0.003;-0.001;-0.002
1638020406.555345;+0.002;-0.002;-0.001
1638020406.775371;+0.003;-0.003;-0.003
1638020406.995597;+0.002;-0.002;-0.002
1638020407.215572;+0.002;-0.002;-0.002
1638020407.43557;+0.002;-0.001;-0.002
1638020407.654806;+0.003;-0.003;-0.002
1638020407.874313;+0.004;-0.002;-0.002
1638020408.094666;+0.003;-0.001;-0.002
1638020408.314332;+0.003;-0.001;-0.003
1638020408.534644;+0.002;-0.001;-0.002
1638020408.754598;+0.002;-0.003;-0.002
1638020408.974722;+0.002;-0.002;-0.002
1638020409.194629;+0.002;-0.002;-0.002
1638020409.414565;+0.002;-0.003;-0.001
1638020409.634681;+0.003;-0.003;-0.002
1638020409.854689;+0.003;-0.002;-0.003
1638020410.074643;+0.002;-0.003;-0.003
1638020410.294648;+0.003;-0.001;-0.003
1638020410.514546;+0.003;-0.002;-0.002
1638020410.734684;+0.002;-0.002;-0.003
1638020410.954322;+0.002;-0.003;-0.003
1638020411.174627;+0.003;-0.003;-0.003
1638020411.394362;+0.003;-0.002;-0.002
1638020411.614746;+0.003;-0.002;-0.002
1638020411.834311;+0.003;-0.002;-0.003
1638020412.054576;+0.003;-0.002;-0.002
1638020412.27425;+0.002;-0.001;-0.002
1638020412.494621;+0.003;-0.003;-0.002
1638020412.714573;+0.002;-0.002;-0.002
1638020412.934644;+0.004;-0.002;-0.002
1638020413.154532;+0.003;-0.001;-0.003
1638020413.374585;+0.003;-0.002;-0.002
1638020413.594521;+0.003;-0.002;-0.003
1638020413.814667;+0.003;-0.003;-0.002
1638020414.03422;+0.003;-0.003;-0.002
1638020414.254581;+0.002;-0.003;-0.003
1638020414.474702;+0.003;-0.003;-0.002
1638020414.694677;+0.002;-0.003;-0.002
1638020414.914551;+0.003;-0.003;-0.002
1638020415.133737;+0.002;-0.002;-0.002
1638020415.35367;+0.002;-0.002;-0.001
1638020415.573566;+0.003;-0.003;-0.002
1638020415.793732;+0.003;-0.003;-0.002
1638020416.013762;+0.002;-0.003;-0.002
1638020416.233664;+0.002;-0.003;-0.002
1638020416.453591;+0.003;-0.002;-0.002
1638020416.673684;+0.002;-0.002;-0.002
1638020416.893589;+0.002;-0.003;-0.002
1638020417.11348;+0.004;-0.002;-0.003
1638020417.333738;+0.002;-0.002;-0.002
1638020417.553544;+0.002;-0.003;-0.003
1638020417.773314;+0.002;-0.002;-0.003
1638020417.993146;+0.003;-0.004;-0.002
1638020418.213757;+0.002;-0.003;-0.003
1638020418.433511;+0.003;-0.002;-0.002
1638020418.653554;+0.002;-0.002;-0.002
1638020418.873637;+0.002;-0.002;-0.003
1638020419.09353;+0.004;-0.002;-0.002
1638020419.313224;+0.002;-0.002;-0.002
1638020419.533659;+0.002;-0.002;-0.002
1638020419.753592;+0.003;-0.003;-0.002
1638020419.973538;+0.003;-0.002;-0.002
1638020420.19346;+0.003;-0.004;-0.002
1638020420.413257;+0.004;-0.003;-0.001
1638020420.633543;+0.004;-0.003;-0.002
1638020420.853708;+0.002;-0.003;-0.002
1638020421.073587;+0.001;-0.002;-0.003
1638020421.29368;+0.003;-0.003;-0.002
1638020421.513645;+0.003;-0.003;-0.002
1638020421.733575;+0.002;-0.003;-0.002
1638020421.953534;+0.003;-0.003;-0.002
1638020422.173471;+0.002;-0.003;-0.002
1638020422.393659;+0.002;-0.002;-0.002
1638020422.612554;+0.002;-0.003;-0.002
1638020422.832778;+0.002;-0.003;-0.002
1638020423.052543;+0.003;-0.002;-0.002
1638020423.272507;+0.003;-0.002;-0.002
1638020423.492495;+0.002;-0.002;-0.001
1638020423.71249;+0.002;-0.002;-0.002
1638020423.932684;+0.002;-0.002;-0.002
1638020424.152574;+0.003;-0.002;-0.002
1638020424.372553;+0.002;-0.003;-0.001
1638020424.59253;+0.004;-0.002;-0.002
1638020424.812783;+0.003;-0.001;-0.002
1638020425.032492;+0.003;-0.003;-0.003
1638020425.252235;+0.002;-0.003;-0.003
1638020425.472664;+0.004;-0.001;-0.002
1638020425.692633;+0.002;-0.003;-0.002
1638020425.912221;+0.003;-0.003;-0.002
1638020426.132234;+0.003;-0.003;-0.002
1638020426.352521;+0.003;-0.002;-0.002
1638020426.572659;+0.003;-0.003;-0.002
1638020426.79279;+0.003;-0.002;-0.002
1638020427.012513;+0.002;-0.002;-0.003
1638020427.232568;+0.003;-0.002;-0.002
1638020427.452523;+0.003;-0.003;-0.002
1638020427.67218;+0.003;-0.003;-0.002
1638020427.892753;+0.004;-0.002;-0.002
1638020428.112479;+0.002;-0.002;-0.002
1638020428.332449;+0.002;-0.001;-0.002
1638020428.55277;+0.003;-0.003;-0.003
1638020428.772713;+0.002;-0.003;-0.003
1638020428.992656;+0.004;-0.002;-0.003
1638020429.212569;+0.002;-0.002;-0.002
1638020429.43249;+0.003;-0.003;-0.003
1638020429.652597;+0.003;-0.003;-0.001
1638020429.872718;+0.002;-0.003;-0.003
1638020430.091254;+0.003;-0.003;-0.002
1638020430.311196;+0.003;-0.003;-0.002
1638020430.531533;+0.002;-0.002;-0.002
1638020430.751215;+0.003;-0.002;-0.002
1638020430.971577;+0.004;-0.003;-0.002
1638020431.191518;+0.003;-0.004;-0.002
1638020431.412519;+0.004;-0.003;-0.002
1638020431.631627;+0.003;-0.002;-0.002
1638020431.851704;+0.003;-0.002;-0.002
1638020432.07154;+0.003;-0.002;-0.002
1638020432.291681;+0.004;-0.003;-0.001
1638020432.511541;+0.003;-0.002;-0.002
1638020432.731568;+0.003;-0.002;-0.002
1638020432.951642;+0.002;-0.002;-0.002
1638020433.171475;+0.003;-0.002;-0.003
1638020433.391513;+0.003;-0.002;-0.002
1638020433.61177;+0.003;-0.002;-0.002
1638020433.831592;+0.004;-0.002;-0.002
1638020434.051578;+0.003;-0.002;-0.002
1638020434.271208;+0.003;-0.002;-0.002
1638020434.491495;+0.004;-0.002;-0.002
1638020434.711718;+0.002;-0.003;-0.002
1638020434.93155;+0.002;-0.003;-0.003
1638020435.151432;+0.003;-0.001;-0.002
1638020435.371432;+0.003;-0.003;-0.002
1638020435.591419;+0.002;-0.003;-0.002
1638020435.811672;+0.003;-0.003;-0.003
1638020436.0315;+0.002;-0.002;-0.002
1638020436.251467;+0.003;-0.003;-0.002
1638020436.471491;+0.003;-0.003;-0.002
1638020436.69141;+0.003;-0.002;-0.003
1638020436.911539;+0.003;-0.003;-0.003
1638020437.131204;+0.003;-0.001;-0.002
1638020437.351476;+0.002;-0.002;-0.002
1638020437.570474;+0.003;-0.003;-0.002
1638020437.790477;+0.003;-0.002;-0.002
1638020438.01064;+0.003;-0.001;-0.002
1638020438.230654;+0.002;-0.003;-0.002
1638020438.450416;+0.004;-0.003;-0.002
1638020438.670813;+0.003;-0.003;-0.001
1638020438.890698;+0.003;-0.002;-0.002
1638020439.11018;+0.004;-0.002;-0.002
1638020439.330516;+0.004;-0.003;-0.002
1638020439.550479;+0.003;-0.001;-0.003
1638020439.770562;+0.003;-0.002;-0.002
1638020439.990518;+0.003;-0.002;-0.002
1638020440.21067;+0.003;-0.003;-0.002
1638020440.430495;+0.003;-0.003;-0.002
1638020440.650502;+0.003;-0.002;-0.002
1638020440.870671;+0.002;-0.001;-0.002
1638020441.090474;+0.004;-0.003;-0.002
1638020441.310567;+0.004;-0.002;-0.002
1638020441.530446;+0.003;-0.003;-0.003
1638020441.750753;+0.003;-0.003;-0.002
1638020441.970064;+0.002;-0.003;-0.002
1638020442.190124;+0.003;-0.002;-0.002
1638020442.410175;+0.003;-0.002;-0.002
1638020442.630457;+0.002;-0.002;-0.002
1638020442.850549;+0.003;-0.002;-0.003
1638020443.070495;+0.003;-0.002;-0.002
1638020443.290221;+0.003;-0.003;-0.002
1638020443.510466;+0.003;-0.001;-0.002
1638020443.730503;+0.004;-0.001;-0.003
1638020443.950511;+0.003;-0.002;-0.003
1638020444.170415;+0.004;-0.002;-0.002
1638020444.38058;+0.002;-0.003;-0.002
1638020444.600543;+0.003;-0.002;-0.002
1638020444.819678;+0.003;-0.003;-0.002
1638020445.039778;+0.002;-0.002;-0.002
1638020445.259123;+0.003;-0.003;-0.002
1638020445.48054;+0.003;-0.003;-0.002
1638020445.699475;+0.003;-0.002;-0.002
1638020445.919593;+0.003;-0.002;-0.003
1638020446.139548;+0.002;-0.001;-0.002
1638020446.359107;+0.003;-0.002;-0.003
1638020446.579418;+0.003;-0.003;-0.002
1638020446.799471;+0.003;-0.002;-0.002
1638020447.019514;+0.004;-0.003;-0.002
1638020447.239506;+0.002;-0.003;-0.002
1638020447.459448;+0.003;-0.002;-0.002
1638020447.679384;+0.003;-0.002;-0.003
1638020447.899394;+0.004;-0.002;-0.002
1638020448.119475;+0.003;-0.003;-0.002
1638020448.339484;+0.002;-0.003;-0.003
1638020448.559424;+0.002;-0.003;-0.002
1638020448.779486;+0.003;-0.002;-0.002
1638020448.999389;+0.003;-0.003;-0.002
1638020449.219087;+0.002;-0.003;-0.003
1638020449.439428;+0.002;-0.003;-0.002
1638020449.659444;+0.004;-0.003;-0.003
1638020449.879523;+0.003;-0.003;-0.002
1638020450.099554;+0.003;-0.002;-0.003
1638020450.319422;+0.003;-0.001;-0.002
1638020450.539519;+0.003;-0.002;-0.002
1638020450.759443;+0.003;-0.002;-0.002
1638020450.969508;+0.003;-0.001;-0.002
1638020451.189522;+0.003;-0.003;-0.003
1638020451.409475;+0.003;-0.002;-0.002
1638020451.629445;+0.002;-0.002;-0.002
1638020451.849414;+0.003;-0.002;-0.002
1638020452.069101;+0.002;-0.002;-0.002
1638020452.288387;+0.002;-0.003;-0.002
1638020452.509388;+0.003;-0.002;-0.003
1638020452.728467;+0.003;-0.002;-0.003
1638020452.948497;+0.003;-0.003;-0.002
1638020453.16842;+0.003;-0.003;-0.002
1638020453.388435;+0.004;-0.002;-0.002
1638020453.608494;+0.003;-0.001;-0.002
1638020453.828443;+0.003;-0.003;-0.002
1638020454.048477;+0.003;-0.003;-0.002
1638020454.268092;+0.002;-0.003;-0.003
1638020454.488434;+0.002;-0.002;-0.002
1638020454.708456;+0.003;-0.002;-0.002
1638020454.928428;+0.002;-0.002;-0.002
1638020455.148586;+0.003;-0.002;-0.003
1638020455.368422;+0.003;-0.003;-0.003
1638020455.588395;+0.004;-0.002;-0.002
1638020455.808482;+0.003;-0.002;-0.003
1638020456.028527;+0.002;-0.003;-0.002
1638020456.248364;+0.003;-0.003;-0.003
1638020456.46802;+0.003;-0.003;-0.002
1638020456.688383;+0.003;-0.003;-0.003
1638020456.908507;+0.002;-0.001;-0.002
1638020457.128455;+0.003;-0.002;-0.002
1638020457.348509;+0.003;-0.002;-0.002
1638020457.558054;+0.003;-0.002;-0.003
1638020457.778466;+0.002;-0.002;-0.002
1638020457.998479;+0.003;-0.004;-0.003
1638020458.218538;+0.003;-0.002;-0.002
1638020458.438401;+0.003;-0.002;-0.002
1638020458.658082;+0.003;-0.003;-0.002
1638020458.87844;+0.003;-0.003;-0.002
1638020459.098457;+0.003;-0.002;-0.003
1638020459.31841;+0.004;-0.003;-0.002
1638020459.538478;+0.003;-0.003;-0.003
1638020459.758358;+0.003;-0.002;-0.002
1638020459.977384;+0.003;-0.003;-0.002
1638020460.19766;+0.003;-0.002;-0.001
1638020460.417329;+0.002;-0.003;-0.002
1638020460.637395;+0.003;-0.003;-0.002
1638020460.857328;+0.002;-0.003;-0.002
1638020461.077382;+0.002;-0.002;-0.002
1638020461.297572;+0.002;-0.002;-0.002
1638020461.517313;+0.003;-0.002;-0.002
1638020461.737358;+0.002;-0.003;-0.002
1638020461.957356;+0.003;-0.001;-0.003
1638020462.177171;+0.003;-0.003;-0.003
1638020462.397484;+0.002;-0.003;-0.003
1638020462.617344;+0.004;-0.002;-0.002
1638020462.837441;+0.002;-0.002;-0.002
1638020463.057492;+0.002;-0.003;-0.002
1638020463.277487;+0.004;-0.002;-0.002
1638020463.497028;+0.003;-0.003;-0.002
1638020463.717039;+0.002;-0.002;-0.003
1638020463.937388;+0.002;-0.002;-0.002
1638020464.157018;+0.003;-0.003;-0.003
1638020464.377455;+0.003;-0.002;-0.002
1638020464.597342;+0.003;-0.003;-0.002
1638020464.817091;+0.003;-0.002;-0.002
1638020465.037333;+0.003;-0.002;-0.002
1638020465.257409;+0.002;-0.003;-0.002
1638020465.477392;+0.002;-0.002;-0.003
1638020465.697319;+0.004;-0.003;-0.002
1638020465.917397;+0.003;-0.002;-0.002
1638020466.137409;+0.004;-0.002;-0.003
1638020466.357062;+0.003;-0.002;-0.002
1638020466.577051;+0.002;-0.003;-0.002
1638020466.797048;+0.003;-0.003;-0.002
1638020467.017326;+0.003;-0.002;-0.002
1638020467.236406;+0.003;-0.003;-0.001
1638020467.456015;+0.003;-0.003;-0.003
1638020467.676259;+0.002;-0.003;-0.002
1638020467.896359;+0.003;-0.003;-0.002
1638020468.116391;+0.002;-0.002;-0.002
1638020468.336379;+0.003;-0.003;-0.003
1638020468.556036;+0.003;-0.002;-0.003
1638020468.776384;+0.002;-0.001;-0.002
1638020468.996411;+0.002;-0.002;-0.002
1638020469.216419;+0.003;-0.003;-0.003
1638020469.436332;+0.004;-0.003;-0.002
1638020469.656368;+0.003;-0.002;-0.002
1638020469.876368;+0.002;-0.003;-0.002
1638020470.096294;+0.003;-0.003;-0.003
1638020470.316433;+0.004;-0.003;-0.002
1638020470.536506;+0.003;-0.003;-0.003
1638020470.756294;+0.002;-0.002;-0.003
1638020470.97636;+0.002;-0.002;-0.002
1638020471.19648;+0.002;-0.002;-0.002
1638020471.416355;+0.003;-0.003;-0.002
1638020471.636413;+0.004;-0.002;-0.003
1638020471.856278;+0.003;-0.003;-0.003
1638020472.076254;+0.003;-0.002;-0.003
1638020472.296396;+0.002;-0.003;-0.002
1638020472.516297;+0.004;-0.003;-0.003
1638020472.736299;+0.002;-0.003;-0.002
1638020472.956312;+0.002;-0.002;-0.002
1638020473.176466;+0.003;-0.002;-0.002
1638020473.396393;+0.003;-0.003;-0.003
1638020473.616373;+0.002;-0.003;-0.002
1638020473.836339;+0.003;-0.002;-0.003
1638020474.056352;+0.003;-0.002;-0.003
1638020474.276431;+0.003;-0.003;-0.002
1638020474.49633;+0.003;-0.002;-0.003
1638020474.715393;+0.003;-0.003;-0.003
1638020474.935338;+0.004;-0.002;-0.002
1638020475.155417;+0.003;-0.003;-0.002
1638020475.375372;+0.004;-0.003;-0.003
1638020475.595397;+0.002;-0.002;-0.004
1638020475.815646;+0.002;-0.003;-0.002
1638020476.035316;+0.003;-0.002;-0.002
1638020476.255307;+0.003;-0.002;-0.002
1638020476.475529;+0.004;-0.003;-0.002
1638020476.695375;+0.003;-0.003;-0.003
1638020476.915365;+0.003;-0.003;-0.001
1638020477.135372;+0.001;-0.002;-0.003
1638020477.355318;+0.003;-0.002;-0.002
1638020477.575333;+0.003;-0.003;-0.003
1638020477.795305;+0.003;-0.002;-0.002
1638020478.015223;+0.002;-0.003;-0.002
1638020478.235418;+0.004;-0.002;-0.002
1638020478.454913;+0.003;-0.002;-0.002
1638020478.67499;+0.003;-0.003;-0.002
1638020478.895006;+0.002;-0.002;-0.003
1638020479.115256;+0.002;-0.002;-0.002
1638020479.335549;+0.002;-0.003;-0.003
1638020479.554923;+0.002;-0.002;-0.002
1638020479.775275;+0.003;-0.003;-0.002
1638020479.995279;+0.002;-0.002;-0.002
1638020480.215412;+0.002;-0.003;-0.003
1638020480.435071;+0.002;-0.002;-0.001
1638020480.654945;+0.003;-0.002;-0.002
1638020480.87533;+0.003;-0.002;-0.002
1638020481.095354;+0.004;-0.002;-0.002
1638020481.315371;+0.003;-0.002;-0.003
1638020481.535032;+0.003;-0.004;-0.002
1638020481.755296;+0.003;-0.002;-0.003
1638020481.9754;+0.003;-0.002;-0.003
1638020482.193992;+0.003;-0.002;-0.002
1638020482.414162;+0.003;-0.002;-0.001
1638020482.63429;+0.002;-0.003;-0.002
1638020482.854289;+0.002;-0.003;-0.001
1638020483.074401;+0.002;-0.003;-0.002
1638020483.294298;+0.003;-0.002;-0.002
1638020483.514267;+0.003;-0.003;-0.003
1638020483.734146;+0.004;-0.003;-0.002
1638020483.954291;+0.003;-0.002;-0.002
1638020484.174248;+0.003;-0.002;-0.002
1638020484.394388;+0.003;-0.002;-0.002
1638020484.614371;+0.002;-0.002;-0.003
1638020484.834505;+0.003;-0.002;-0.003
1638020485.054311;+0.002;-0.003;-0.003
1638020485.274397;+0.002;-0.002;-0.002
1638020485.493894;+0.003;-0.002;-0.002
1638020485.714281;+0.002;-0.003;-0.002
1638020485.934262;+0.002;-0.002;-0.002
1638020486.154326;+0.003;-0.002;-0.003
1638020486.37436;+0.003;-0.002;-0.002
1638020486.59387;+0.003;-0.002;-0.002
1638020486.814488;+0.002;-0.001;-0.002
1638020487.034378;+0.003;-0.002;-0.002
1638020487.254415;+0.003;-0.002;-0.002
1638020487.474375;+0.003;-0.003;-0.002
1638020487.694286;+0.002;-0.002;-0.002
1638020487.914342;+0.003;-0.002;-0.002
1638020488.134232;+0.003;-0.003;-0.003
1638020488.354392;+0.002;-0.002;-0.003
1638020488.573934;+0.003;-0.003;-0.002
1638020488.794384;+0.003;-0.003;-0.003
1638020489.01435;+0.002;-0.002;-0.003
1638020489.234323;+0.003;-0.002;-0.002
1638020489.454425;+0.002;-0.002;-0.002
1638020489.672942;+0.003;-0.003;-0.002
1638020489.89335;+0.004;-0.003;-0.003
1638020490.11328;+0.003;-0.003;-0.003
1638020490.333387;+0.003;-0.002;-0.001
1638020490.553278;+0.003;-0.002;-0.003
1638020490.773243;+0.003;-0.003;-0.001
1638020490.993333;+0.003;-0.002;-0.002
1638020491.213252;+0.003;-0.002;-0.001
1638020491.433339;+0.003;-0.003;-0.002
1638020491.65266;+0.002;-0.003;-0.002
1638020491.873285;+0.002;-0.002;-0.003
1638020492.093369;+0.003;-0.002;-0.002
1638020492.313255;+0.002;-0.003;-0.002
1638020492.533305;+0.003;-0.002;-0.002
1638020492.753297;+0.002;-0.002;-0.002
1638020492.973252;+0.003;-0.003;-0.002
1638020493.19333;+0.002;-0.003;-0.002
1638020493.413297;+0.002;-0.002;-0.002
1638020493.632968;+0.003;-0.002;-0.002
1638020493.853267;+0.004;-0.001;-0.002
1638020494.073241;+0.004;-0.003;-0.002
1638020494.293255;+0.003;-0.002;-0.003
1638020494.513346;+0.002;-0.002;-0.002
1638020494.733308;+0.002;-0.002;-0.002
1638020494.953264;+0.002;-0.002;-0.002
1638020495.173272;+0.003;-0.002;-0.002
1638020495.39336;+0.003;-0.003;-0.003
1638020495.61329;+0.003;-0.001;-0.002
1638020495.833319;+0.002;-0.002;-0.003
1638020496.053281;+0.003;-0.002;-0.002
1638020496.273364;+0.003;-0.003;-0.002
1638020496.493283;+0.003;-0.003;-0.002
1638020496.713253;+0.002;-0.003;-0.003
1638020496.933282;+0.003;-0.002;-0.003
1638020497.152222;+0.002;-0.003;-0.002
1638020497.372335;+0.003;-0.002;-0.002
1638020497.59224;+0.002;-0.002;-0.002
1638020497.812046;+0.003;-0.003;-0.003
1638020498.032338;+0.003;-0.001;-0.003
1638020498.252287;+0.003;-0.002;-0.002
1638020498.471879;+0.004;-0.003;-0.001
1638020498.682546;+0.003;-0.002;-0.002
1638020498.902413;+0.003;-0.002;-0.003
1638020499.122496;+0.002;-0.002;-0.002
1638020499.342391;+0.003;-0.002;-0.003
1638020499.562314;+0.003;-0.002;-0.002
1638020499.782417;+0.003;-0.003;-0.002
1638020500.002335;+0.003;-0.002;-0.001
1638020500.222496;+0.002;-0.003;-0.002
1638020500.442435;+0.003;-0.003;-0.003
